ts,x1,x2,y1,y2
0.0,0.1216419869963897,-0.9921065677835671,2.627250657110083,-21.0434950646268
0.0005002501250625312,-0.04625116510107708,-0.8994251465889826,-3.1346388692720466,-20.881940897951626
0.0005002501250625312,0.01678901200659011,-0.8459487336769859,-3.418829424900359,-16.630002710812427
0.0005002501250625311,-0.02017109652495122,-1.0009065045245535,-7.383934987609614,-20.160302212387567
0.0005002501250625313,-0.3136920454669707,-1.0025844299565005,-11.523210899067635,-18.012853410627564
0.0005002501250625313,-0.31386483736957327,-0.8729042033751578,-12.262740167863601,-14.948075640959097
0.0005002501250625309,-0.3435757283228798,-0.842124486108832,-18.132866865784468,-14.942596013312338
0.0005002501250625313,-0.3273644265731357,-1.0670050021687825,-17.56449555236157,-9.543305273654862
0.0005002501250625313,-0.41923490047495987,-0.7955762145527544,-23.175637891830398,-9.71288557194841
0.0005002501250625313,-0.44235572215679986,-0.8280252947888824,-21.183935529381543,-9.191722559587166
0.0005002501250625313,-0.37784885430784865,-0.6554261177466547,-21.467127905406475,-10.01819282301044
0.0005002501250625313,-0.40835858440631745,-0.8209287908825621,-23.63706620037018,-2.095079865944683
0.0005002501250625305,-0.7028328041490179,-0.9051560314183578,-29.985061821994456,0.1388058102891916
0.0005002501250625313,-0.6799073167922647,-0.7070300205806552,-29.000507266349654,3.1000747093341996
0.0005002501250625313,-0.7171849225882795,-0.6974972858971573,-29.70836543031328,6.605291650197474
0.0005002501250625313,-0.8575672194420461,-0.5936369084719862,-26.566514578036042,4.58844475491065
0.0005002501250625313,-1.0453502821681973,-0.4655642869464323,-30.41069830302814,4.602560424970129
0.0005002501250625305,-0.9819387685269236,-0.6221483603897054,-23.655517186545207,12.906296373592856
0.0005002501250625322,-0.9385213558013173,-0.2918812798490438,-25.51622940307027,14.694003475000926
0.0005002501250625305,-0.9574545363466651,-0.37570192610784553,-24.392146510313605,13.37366421310918
0.0005002501250625322,-1.1103788350084303,-0.18495037190131358,-24.071770767745914,15.39974533590429
0.0005002501250625305,-1.1166418065400783,-0.13363249520996764,-18.401709429563486,18.68111708861752
0.0005002501250625322,-0.9850517220432388,-0.1763108515278126,-15.301981106411295,17.825523215314707
0.0005002501250625305,-0.9253520974429725,-0.37236775823395174,-14.413419370776738,22.311149780934798
0.0005002501250625305,-0.8628487508053581,-0.09264512926542522,-13.302556715914282,19.440121569313984
0.0005002501250625322,-0.948548616342335,0.08541546289192936,-8.920794355451005,22.86532137877296
0.0005002501250625305,-0.9886687306265448,0.09237347107993314,-5.689293693249931,22.440981768258244
0.0005002501250625322,-0.9895500347676737,0.18775655032741234,-6.110989248373958,17.98669341028363
0.0005002501250625305,-0.8624888457511404,0.21146684384648295,-1.2985216721506099,20.909325522837236
0.0005002501250625322,-0.88146198810232,0.13285755392362777,3.3826527097972887,18.045684593216205
0.0005002501250625305,-1.0221947139982401,0.3648940730957211,0.7537898235347431,17.606262280189622
0.0005002501250625322,-0.8937984378703762,0.3478916796015744,3.570868772303043,18.698991791118416
0.0005002501250625305,-0.7991480813004743,0.5594610519243698,7.412642849366584,13.604899851338258
0.0005002501250625305,-0.900069097314111,0.4924031092159033,12.51717978797962,13.249753738754109
0.0005002501250625305,-0.9235991972186637,0.5553340549008978,5.816568689690229,8.151966313686108
0.0005002501250625339,-0.7235544128660816,0.7370468650897074,11.868060141973224,8.592701052057764
0.0005002501250625305,-0.9563924200529799,0.5040297885459819,6.734405944609129,6.740086937134269
0.0005002501250625305,-0.7076546875301168,0.5152868355092038,14.681660357410339,0.10501137180540976
0.0005002501250625305,-0.5731799616368285,0.7434295667426601,13.22808255208024,-3.020317330118089
0.0005002501250625339,-0.6580128885732146,0.6347244291638272,13.128921545537498,-3.77534627324745
0.0005002501250625305,-0.706271574394709,0.7989713163050716,10.080407674290814,-5.098859065034619
0.0005002501250625305,-0.5107020359978391,0.7579520167198676,12.76132108973689,-7.820268399774163
0.0005002501250625305,-0.5278985399441722,0.7628381642817408,9.834632641022303,-6.120540328854422
0.0005002501250625305,-0.44409404545033093,0.755768995374311,11.039515932212284,-14.08127255679077
0.0005002501250625339,-0.34474738286345724,0.680806435917066,6.733144403941164,-15.358798611813768
0.0005002501250625305,-0.5335345117067505,0.8449873381560532,4.341787423162163,-17.353579099354757
0.0005002501250625305,-0.10624379961033312,0.8832508335091256,9.321899081906205,-19.057251470943143
0.0005002501250625305,-0.22102836153036515,1.0059465945604287,3.2354365061887362,-15.068337108340508
0.0005002501250625305,-0.15216869894840182,0.9883887111869674,3.12295555472906,-18.544922458674375
0.0005002501250625339,-0.1343760116585504,1.1491499832373966,4.89509619890807,-19.34903908310092
0.0005002501250625305,0.07024552921009311,1.0448013952543795,3.0788127087913537,-20.41931281389858
0.0005002501250625305,0.030928451426717386,1.0831743822776596,-1.0653514770599481,-21.852275864049844
0.0005002501250625305,0.16039019322689765,1.0254039129932773,-6.148344983182591,-17.965562978450528
0.0005002501250625339,0.25036778541102545,1.0178044961852246,-6.829830016998167,-18.432803468760792
0.0005002501250625305,0.10965864570658268,0.8934709630461103,-11.185512008258048,-18.056271368631243
0.0005002501250625305,0.20182813001669675,0.9830084414800337,-11.982363700230865,-14.262117212700982
0.0005002501250625305,0.35384540417799815,0.918247302785124,-10.819056583572454,-16.005403326044448
0.0005002501250625305,0.46271749705174,0.7988928695812134,-8.513695709427953,-9.428396911756474
0.0005002501250625339,0.3138898564537543,0.9813738325721351,-13.457844572837962,-10.559589921432085
0.0005002501250625305,0.4985144543284553,0.982948216942057,-14.481876579411024,-12.90080811509095
0.0005002501250625305,0.5297803180328766,0.7308886162301702,-14.55773873588315,-7.795582357136456
0.0005002501250625305,0.5344309611675133,0.8226359336334915,-12.763582008627903,-4.830859299446436
0.0005002501250625339,0.635295468806386,0.6733340326410409,-17.70809983242987,-1.3988719069695186
0.0005002501250625305,0.6680449479289787,0.7049400317915071,-15.238412616918618,0.6892136430830996
0.0005002501250625305,0.5823402465429821,0.7358670534991386,-11.125051377711037,3.7001924507621635
0.0005002501250625305,0.8709705357312014,0.6035369567860245,-10.553456096465062,10.04562472611389
0.0005002501250625305,0.9287114465605036,0.43394980803061883,-7.227072565543919,6.0177042820464655
0.0005002501250625305,0.8425518895690389,0.3633514369903083,-7.6939057691038855,10.004091106696853
0.0005002501250625305,0.8672889757733118,0.44501180011792824,-8.428893091007454,12.50190781261639
0.0005002501250625374,0.9360598274032115,0.2912519002989471,-7.783604158115397,17.76586724266527
0.0005002501250625305,0.7346237137580526,0.31127601655264947,-3.7606915195630695,18.340990939331874
0.0005002501250625305,1.048285095065012,0.07803762043452278,-1.125517458860914,16.002956389788217
0.0005002501250625305,0.7772737187174544,0.13212999517518093,1.0448261571533672,20.937975996917167
0.0005002501250625305,1.0888720631522226,0.18487122809432813,3.308475658083695,17.096569354043957
0.0005002501250625305,1.2315044704546287,0.1423924035227346,9.654456139885403,20.50783901899475
0.0005002501250625305,1.1559395453363506,-0.15535411684563177,10.573829019389843,20.924178365277637
0.0005002501250625305,1.0746596562599198,-0.12220051839506882,15.284865128477216,21.485963531857173
0.0005002501250625305,1.1205671033637548,-0.09148959286163184,18.514059471766643,16.749691208029425
0.0005002501250625374,1.0332344085924678,-0.01820749043339487,17.44409146777144,15.95227515650107
0.0005002501250625305,0.8045149964542305,-0.23110911052612682,16.92234860989134,17.654865100247328
0.0005002501250625305,0.8715150956098445,-0.5841375661317587,20.464044443033302,19.05720311114663
0.0005002501250625305,0.9453652066134655,-0.4297659407014445,18.621371811643034,15.448211690616674
0.0005002501250625305,0.848336578421763,-0.721011049575949,23.992854322402497,15.997322971008137
0.0005002501250625305,0.7991877846867166,-0.5163746056544286,25.04359266978103,11.810352829198496
0.0005002501250625305,0.8842497669780937,-0.5588237974443792,26.49967551925455,10.276312148188643
0.0005002501250625305,0.7980067223584942,-0.6449776996536671,27.055509618822885,8.785234290346557
0.0005002501250625305,0.852030517244626,-0.6218648323172902,30.03938912800672,2.8200593747318683
0.0005002501250625374,0.9571500549355002,-0.8512593602198956,31.57435516451232,1.8766950355284027
0.0005002501250625305,0.6347644782070483,-0.49384400923480803,27.9495149279086,-1.6240116649605993
0.0005002501250625305,0.8868394239257457,-0.844186031244385,31.123202543973978,-4.214040412425505
0.0005002501250625305,0.6621376979074133,-0.6948471821404911,25.555415195943873,-5.017639306076709
0.0005002501250625305,0.4050554416074718,-1.0249896977082267,21.047086391855807,-9.521208921399138
0.0005002501250625305,0.46429045083947845,-0.8688968783849084,25.425415202899796,-10.388371319123168
0.0005002501250625305,0.3309650522439051,-0.6253950763438985,20.508811176573047,-15.51185162982746
0.0005002501250625305,0.5885261423961534,-0.9887022470125292,21.682520083373745,-15.312956183132824
0.0005002501250625305,0.17989419825914643,-0.924342763078371,12.397188485638317,-15.522773845184062
0.0005002501250625305,0.3792053003708089,-0.9486036272396683,15.296097955119233,-18.201225847950273
0.0005002501250625374,0.23510663605888754,-0.9594333257809017,8.753958785662208,-20.609640759877095
0.0005002501250625305,0.16777461222844936,-1.0660447640174773,8.338128677368031,-19.30297566370097
0.0005002501250625305,-0.06294331098784489,-0.9147466292892013,1.9503632698508166,-21.2461029877555
0.0005002501250625305,0.07567564992473237,-0.8881869988357559,0.8394729964144547,-20.79626341475984
0.0005002501250625305,-0.18443463636076995,-0.9241915172400715,-4.1472854656355915,-22.115315274702628
0.0005002501250625305,-0.06487604177351224,-0.9719272445735179,-8.602101888320291,-20.169687016782923
0.0005002501250625305,-0.23086364349129837,-1.0118266851561737,-7.862257450794538,-22.091842973217915
0.0005002501250625305,-0.28989800759504913,-0.8579743183704172,-13.060717232119222,-20.864363295385495
0.0005002501250625305,-0.3178724772177857,-0.9450711441799515,-17.914262556742145,-16.90268437550636
0.0005002501250625374,-0.4210558297423617,-1.0947724769326754,-20.94817807744652,-16.31890771707015
0.0005002501250625305,-0.3407614505041494,-0.6928935390629571,-17.127356559674663,-11.869830234412587
0.0005002501250625305,-0.5244509472232801,-0.770066854191143,-20.60565644740076,-7.9757303475360395
0.0005002501250625305,-0.6596891803948065,-0.6311453439504486,-23.21750478516936,-5.0966200786831966
0.0005002501250625305,-0.5778331306791671,-0.7877919932860027,-26.980981577541193,-8.04563146549131
0.0005002501250625305,-0.5390149105260862,-0.814149070524516,-23.364627676582888,-3.3199847938339375
0.0005002501250625305,-0.7141463047439424,-0.8851145169049905,-30.485942330300777,-3.2265916684341067
0.0005002501250625305,-0.672916156149496,-0.812007269543058,-27.036071473499057,1.878741393888202
0.0005002501250625305,-0.840599501757574,-0.5443571387143499,-28.36685264141962,4.948720536320332
0.0005002501250625374,-0.7877675128741228,-0.6830852738700335,-26.789333938171445,3.969272250148619
0.0005002501250625305,-0.8719274944735954,-0.4818504427898326,-28.086301851297257,9.659327353697655
0.0005002501250625305,-0.732443936040605,-0.4922423520347985,-27.001939383601865,9.211095158431212
0.0005002501250625305,-0.8226259513968287,-0.39109193484923427,-22.884221783634715,13.527507355938065
0.0005002501250625305,-0.8273287662271884,-0.29026527143357395,-24.57638635251404,16.94436450058174
0.0005002501250625305,-0.8341715725430863,-0.2979635453472828,-19.03309610675928,16.540343627678844
0.0005002501250625305,-0.926337919345789,-0.2706964952786219,-19.860509499830588,17.126680982590532
0.0005002501250625305,-1.0212981390974958,-0.12166079275742402,-18.43786657397108,17.78915759302371
0.0005002501250625305,-0.9047752021035117,-0.022333347058979533,-13.204039449756666,19.289494390043362
0.0005002501250625374,-0.9483353017602383,-0.1244347362045571,-8.56276573904696,21.316537940299902
0.0005002501250625235,-1.050355196230835,-0.028163022324319026,-13.082684479570542,20.323611603988663
0.0005002501250625374,-1.0236827420510164,0.11709324061161376,-2.4674336810014452,19.25495013811152
0.0005002501250625235,-1.035902879148086,0.029497298560131127,-6.114379015494068,19.61578965733323
0.0005002501250625374,-0.9325713472347523,-0.027758081257503592,-2.150627000589917,25.673149048820715
0.0005002501250625374,-1.0100042562563667,0.587033934814986,0.9729561218614307,17.1943031620594
0.0005002501250625235,-0.8217892844918461,0.23479590064313577,5.919898264866404,15.17958372971659
0.0005002501250625374,-1.0283995782089788,0.48725715013094584,4.529141102331911,11.663736608193746
0.0005002501250625235,-0.830960348081507,0.4659047385827979,7.08476949556416,9.594345196828677
0.0005002501250625374,-0.8229162337730319,0.3773747336565087,6.533296736644255,14.463396315947335
0.0005002501250625235,-0.8661424656136173,0.5034368904641101,8.591809505383678,8.431569751368427
0.0005002501250625374,-0.7938661284799456,0.39410423441197406,8.281014352134918,8.18347131760516
0.0005002501250625235,-0.6073034167149993,0.6767850176185098,15.065988111283644,5.815363445742664
0.0005002501250625374,-0.6447676713291212,0.6902609423771642,10.791011983190641,2.0406786531989027
0.0005002501250625374,-0.6221375079938515,0.766631055134235,13.029308809203233,-2.506028419757979
0.0005002501250625235,-0.5193088057544426,0.7574033126834118,14.775555422850129,-6.667932519694329
0.0005002501250625374,-0.4372186254169961,0.8002119775910858,14.827447034155405,-6.749247425929814
0.0005002501250625235,-0.4425991303554523,0.8946278073574749,12.770558744289175,-5.400463206113395
0.0005002501250625374,-0.5153124366194881,1.0601691288327426,12.127590422013101,-11.79916102793158
0.0005002501250625235,-0.3793251900498844,0.9216083654293598,10.901601131829752,-14.305888701759192
0.0005002501250625374,-0.49074550939897577,0.8179028045850306,6.608150210161844,-17.607855143092085
0.0005002501250625235,-0.36397580333299173,0.9024050922487942,8.143247141043167,-19.820558981717934
0.0005002501250625374,-0.24235373721834225,0.8080659102377519,7.380535606082106,-20.31921865578373
0.0005002501250625374,-0.10036446105372375,0.8485238842515618,4.033072758047092,-14.377803014462568
0.0005002501250625235,-0.1686916265177575,1.0803544000556808,-1.9647765685248997,-17.568349554015924
0.0005002501250625374,0.04898527210169641,1.014117248536601,2.0711345670093624,-17.99084550664776
0.0005002501250625235,-0.09203055309103715,1.0305888361243773,-1.0128224131827157,-19.901427371252684
0.0005002501250625374,0.2046009955149764,0.9064266092180251,-1.8097764098263054,-19.613907385385044
0.0005002501250625235,0.053635700746454226,1.0441691717662467,-5.0045356967623755,-21.975058258575718
0.0005002501250625374,0.20993276591465965,1.0376252708916567,-5.433740170306826,-21.04678134066676
0.0005002501250625235,0.3597274486200925,0.8267392554615636,-5.570306448046251,-19.870442360081555
0.0005002501250625374,0.28147148241772557,0.8674109967179613,-10.208391742259776,-18.689267349776944
0.0005002501250625374,0.3577434561690939,1.0783154595101765,-9.198664957087681,-11.562579780418048
0.0005002501250625235,0.5261816071878462,0.9428741121627431,-10.463418389179736,-11.084293128877539
0.0005002501250625374,0.5193797619259924,0.8813122293431253,-11.511076317226172,-7.940289391772502
0.0005002501250625235,0.5375647569509379,0.7497778981610187,-13.436890330087731,-9.250082575966031
0.0005002501250625374,0.5157095600425782,0.7315035376221286,-13.844015316478503,-3.4909345224540127
0.0005002501250625235,0.6145271982695111,0.8498790937734896,-10.030689622011796,-3.603355410846931
0.0005002501250625374,0.8433067531191113,0.755203543419873,-9.78108445214117,2.7678931324258205
0.0005002501250625235,0.8832425852488123,0.7289115013793517,-12.836850637712434,2.043518408363745
0.0005002501250625374,0.8621474517028239,0.6957333573014661,-11.756236585643006,-0.10101910090769728
0.0005002501250625374,0.6687332990401158,0.6044328787886991,-10.226220982219587,6.4791822843151055
0.0005002501250625235,0.8949678262333095,0.5376976708044856,-5.15935484347773,11.636449723057272
0.0005002501250625374,0.9804106218381682,0.5861770467409835,-9.413082154480314,9.748388980916305
0.0005002501250625235,0.8565976418371747,0.29081338209596796,-7.531288063951481,13.671294121557555
0.0005002501250625374,0.9487487781825935,0.4389283747364292,-2.2349373401133166,16.2651089271603
0.0005002501250625235,1.0184452779165785,0.39140135453507713,-2.3010472106844535,17.473438648405644
0.0005002501250625374,1.0044347012823744,0.2651386224212814,1.1235713634815863,17.17233685209785
0.0005002501250625235,0.8866518971044866,0.3209692950563349,1.8291300813714564,16.281156502504103
0.0005002501250625374,1.0006795055005115,0.24621379248200903,4.8547312750753395,19.985837734529234
0.0005002501250625374,0.9272446218795339,0.05663030712915169,6.381098745909858,20.46147429693605
0.0005002501250625235,1.0216688884340126,-0.007251848468481708,8.636318654536094,17.824528502197794
0.0005002501250625374,0.9898911771768444,-0.12665311940065216,14.492720430860379,19.590112602578063
0.0005002501250625235,0.8538326064723875,-0.26302458542729257,12.543210379817818,18.250243188868147
0.0005002501250625374,0.9799729082211955,-0.14178751903672798,17.99467718124986,19.167648868611085
0.0005002501250625235,0.8686774923592913,-0.1512565707279241,18.33211012738308,14.06992915079551
0.0005002501250625374,0.982078969256986,-0.38297103791578346,23.234072992016294,15.547811260994079
0.0005002501250625235,0.9167964727585028,-0.26070017708644877,20.05612667440988,15.325104545020661
0.0005002501250625374,0.657008914272964,-0.3708589972088028,23.806787282915806,15.193975581933952
0.0005002501250625374,0.8402199259618859,-0.5311177839341729,30.125427697632997,12.943398802341468
0.0005002501250625235,0.9026310929334955,-0.561125763250921,32.19647061215561,10.513237910104216
0.0005002501250625374,0.7667595987811097,-0.7002156824882595,26.341037168504382,5.735487323460476
0.0005002501250625235,0.5422355379768455,-0.7435786655510517,26.16915097676088,4.482063781615906
0.0005002501250625374,0.4788203493448022,-0.7654273477490351,25.400898682108515,2.6185338333749497
0.0005002501250625235,0.7251409172271661,-0.8374460622353181,27.695467494802706,0.9967403959465682
0.0005002501250625374,0.7360044619458628,-0.627334557644141,23.977231097712416,-4.2386236353586835
0.0005002501250625235,0.5640254456622615,-0.7010890847606468,24.62012332113232,-4.3551238304359305
0.0005002501250625374,0.46237754338316933,-0.7152238006997667,21.666470612284414,-5.65799454936154
0.0005002501250625235,0.38901402677676034,-0.951995399536143,18.685355695811054,-13.669326789109396
0.0005002501250625374,0.42848758176059093,-0.869681012002898,21.24538460321676,-16.500149001706955
0.0005002501250625374,0.240676199904016,-0.9394691785167186,17.739350236354436,-16.2266063871284
0.0005002501250625235,0.1710273495428735,-0.9330038064563098,13.924237020857896,-16.623779713413985
0.0005002501250625374,0.19685663714110613,-1.138905007522078,10.53594987137174,-20.24557653907351
0.0005002501250625235,0.38789397947869336,-1.0261689954258983,10.785688762143495,-19.3597982863974
0.0005002501250625374,0.03395136998747568,-0.935739217510932,3.5592630014789965,-21.67575974961801
0.0005002501250625235,0.09582994224441363,-0.8883964476345805,0.40972973559177683,-19.89648630721635
0.0005002501250625374,-0.01651023489054746,-0.9835597499087408,-1.130149483068214,-19.567939443675982
0.0005002501250625235,-0.243096951907462,-1.0157718211050597,-5.5552997282087135,-16.90917445531203
0.0005002501250625374,-0.16042521169303897,-0.8644862774767896,-7.43381524413356,-19.85456879067881
0.0005002501250625374,-0.0629322836323718,-0.9817815246045579,-9.390058171127576,-16.86299301126325
0.0005002501250625235,-0.14253593853849833,-1.0232767340353075,-9.93102761824277,-19.458904627567925
0.0005002501250625374,-0.1628259060787442,-0.923904241217897,-15.719510058593254,-16.482757675484596
0.0005002501250625235,-0.41633148460515496,-0.9145526446922098,-18.008363395332054,-10.971740871610175
0.0005002501250625374,-0.18514551097910611,-0.8269611521831908,-17.124606269020724,-11.892100724637462
0.0005002501250625235,-0.4016068989759118,-0.9539570089458798,-20.83828130699695,-12.94761099956137
0.0005002501250625374,-0.43759908475638404,-0.8838722496337349,-20.92938341504414,-12.229411292260735
0.0005002501250625235,-0.5844235557611699,-0.8708988875858424,-28.10799194641752,-5.475000889657372
0.0005002501250625374,-0.5965752264155026,-0.8029304113723118,-27.24683330810672,-4.095559543748283
0.0005002501250625374,-0.6577267651489092,-0.7907400079042569,-25.551868360279368,0.8449531313581651
0.0005002501250625235,-0.799699481325296,-0.8866168800794735,-25.580861282754938,2.020049494820183
0.0005002501250625374,-0.7198527497829352,-0.6424118746992141,-26.774126645636326,2.749956530430001
0.0005002501250625235,-0.8161957623056139,-0.8155772321395124,-29.960678215468615,3.272434315304076
0.0005002501250625374,-0.9020997616097659,-0.5159918951771049,-27.087136155523726,8.141535133300335
0.0005002501250625235,-0.9644189750544494,-0.39901737218327105,-26.729183268102435,11.586822328189287
0.0005002501250625374,-0.9486018587522499,-0.39278668258395477,-27.342303661785486,9.690876690297042
0.0005002501250625235,-0.9564320188080967,-0.3172998360622955,-20.16726093102539,10.878059419046362
0.0005002501250625374,-1.00996754680264,-0.2810360100970421,-18.301462661868655,16.997421313241627
0.0005002501250625374,-0.8847428385915931,-0.29976089024322794,-17.487523148098507,16.656653247790857
0.0005002501250625235,-1.0516313031671052,-0.22496059290583306,-18.548414919183212,14.972258168484506
0.0005002501250625374,-0.9762391829384091,-0.14972705535846043,-14.505594448862068,23.7036167845402
0.0005002501250625235,-0.8700413613947308,-0.023819754096681085,-9.250613554974674,18.135676122211933
0.0005002501250625374,-1.0317045882393365,0.014351669852307649,-9.994620990582948,18.52540449006253
0.0005002501250625235,-0.7789674776423037,0.18118950801027353,-4.959061253433797,17.168259926350924
0.0005002501250625374,-0.7456867278848454,0.20299036991938652,-1.5644303948871,21.606725979791666
0.0005002501250625235,-0.9518531728020898,0.13212268967205906,-1.0530339286762556,15.848960513241545
0.0005002501250625374,-0.8564612982000219,0.06567447170255108,0.3150553510090479,17.30575778901192
0.0005002501250625374,-0.9261500751856208,0.25607086886313074,5.910025711531906,15.273732748441683
0.0005002501250625235,-1.0567538390512732,0.3914031978172523,3.340765898016487,13.981618631263974
0.0005002501250625374,-0.8138204142853263,0.32123059825297623,7.434217869224578,9.988980039375225
0.0005002501250625235,-0.8072395990147029,0.4978216698384244,9.393967205758535,12.487332394883087
0.0005002501250625374,-0.8534189182132577,0.6080901463523765,11.166698852865025,9.832730296193985
0.0005002501250625235,-0.6253467438823216,0.344145186328626,16.628275236145164,10.574971354113915
0.0005002501250625374,-0.7660161668065048,0.7857931786031309,14.145261974962985,3.4618077474371196
0.0005002501250625235,-0.7123905261874693,0.6643393438538743,9.143353759050656,5.475359375918888
0.0005002501250625374,-0.7149608181567303,0.6452973383527989,14.361829440060962,-2.949763567537502
0.0005002501250625374,-0.6045801394168695,0.6143292367901267,11.431563479578625,-5.511231556737318
0.0005002501250625235,-0.7339474879240044,0.8895243882022946,9.899514666445318,-6.708485068222339
0.0005002501250625374,-0.5340152685553773,0.8828381881179611,12.149725784937576,-8.580749184189333
0.0005002501250625235,-0.3328045234167264,0.9450678924275651,13.765613520625955,-10.560743807996372
0.0005002501250625374,-0.6647250180302469,0.7944448826894588,6.235858974368257,-14.185256714126485
0.0005002501250625235,-0.33490898614463577,1.0262870092533,9.952425090699652,-16.139322555129098
0.0005002501250625374,-0.7161176273728862,0.9695506739177195,1.6662573474429219,-15.318186998717238
0.0005002501250625235,-0.25017836836139734,0.9638024709967078,5.6326648152495284,-17.23065836078065
0.0005002501250625374,-0.05465479021374767,0.8561617796173451,7.324123863348806,-18.71236955897819
0.0005002501250625374,-0.3177908080255033,0.9217793811080248,-0.6290105208758598,-18.425272696946145
0.0005002501250625235,-0.03881997541745591,0.9856294356254294,1.6501363945224135,-19.33304204998277
0.0005002501250625235,-0.09260410394482894,0.8989983636374098,-0.025420032891055433,-16.37862224648633
0.0005002501250625513,0.05578385348460349,1.084109361020944,-4.69217487833872,-21.412497021424798
0.0005002501250625235,0.08305347105183952,0.9570855914342924,-5.243753509945192,-21.924665441505947
0.0005002501250625235,0.2809258480649192,1.1070553537031904,-2.407365959319572,-18.901198094382224
0.0005002501250625235,0.3686677499196268,1.003449100388699,-5.08058651904285,-16.501521893731592
0.0005002501250625513,0.28290853139868066,1.1045343162341976,-9.906265087176452,-16.240180288275884
0.0005002501250625235,0.41523589471081596,0.9283737612354979,-12.037015292956648,-13.292859057962293
0.0005002501250625235,0.362643529141512,0.7697428048780157,-12.956564513559536,-12.500012240590483
0.0005002501250625513,0.5529029915160966,0.9607456105185338,-9.547072966980625,-8.863316790428312
0.0005002501250625235,0.4899235868711734,0.9008848359135813,-15.554929878767378,-5.112883662835396
0.0005002501250625235,0.6742633012195899,0.9426072249102532,-9.551560705410102,-5.717538585292882
0.0005002501250625235,0.6139186570860872,0.6087336318480768,-15.43464366083878,-3.13935764372051
0.0005002501250625513,0.6973943542760567,0.8643545820642942,-12.980162840532874,-3.7768877262830856
0.0005002501250625235,0.7418553720778801,0.5509998160120351,-13.212555822661466,2.232986381235021
0.0005002501250625235,0.7925154417284167,0.5400324356873489,-14.22294193477303,2.7784073382856835
0.0005002501250625235,0.7267045229306637,0.3894887164114783,-10.789199963192099,8.495098637645047
0.0005002501250625513,0.8273126894913544,0.5282091994092962,-8.20097267462288,6.722586478319661
0.0005002501250625235,0.9431135712103289,0.37649475953486183,-8.10976950349821,14.346456926604365
0.0005002501250625235,0.9242465315436583,0.3415947947376403,-5.1304530693226535,9.993871007942738
0.0005002501250625513,0.797503643129604,0.2601551402656373,-4.564537377190939,13.99182974768828
0.0005002501250625235,0.9181751470035359,0.34629501274824326,-3.3507316320042637,13.75104355196716
0.0005002501250625235,1.1406927551501136,0.25097386800466526,1.659057232110573,19.81152767877349
0.0005002501250625235,1.0034153792911236,0.2460227302252198,4.228647045404179,19.36876600307686
0.0005002501250625513,1.0405112257274423,0.026871722527456926,5.747106388424163,17.61762572212147
0.0005002501250625235,0.9770273607679627,0.08089605775791986,3.7895164747964283,19.47700417877281
0.0005002501250625235,0.9717368817627001,0.053866570077935445,6.854579107723811,17.992309112667876
0.0005002501250625513,0.8638874728819586,-0.06852601304222364,9.405147582533445,15.972754021390537
0.0005002501250625235,1.1293202709388692,-0.040329428141040735,18.61147057289644,18.169096844052802
0.0005002501250625235,0.9414832692104421,-0.21375432846073783,20.031264018332372,20.327662125182425
0.0005002501250625235,0.7933300922156652,-0.26020548282413264,16.244595434413903,19.685925754798262
0.0005002501250625513,1.0358636495185434,-0.3179803193004236,22.26352005785083,16.426448291129194
0.0005002501250625235,1.043920361314429,-0.3788954272682485,27.86847217568662,12.455553478116778
0.0005002501250625235,1.0219345235834598,-0.46041758861899656,25.032772039965177,12.887278238746863
0.0005002501250625235,0.827907839883578,-0.6881776357168324,29.980761705717956,10.729600415517224
0.0005002501250625513,0.8982247397288863,-0.5171369383976816,26.558111880871817,4.134743574379331
0.0005002501250625235,0.6961717171939221,-0.5185354168564756,27.085371009872603,3.113213197155809
0.0005002501250625235,0.6536752814746537,-0.7911348239078482,25.54646731718384,3.3488447948187683
0.0005002501250625513,0.730819105998182,-0.7734807498911276,26.628478979223807,0.5320405045764349
0.0005002501250625235,0.44436344448936926,-0.7685798769441037,25.329069582811385,-3.573349214060588
0.0005002501250625235,0.6209381878441468,-0.904442689279405,21.632040702979214,-1.8030508372618024
0.0005002501250625235,0.6412704062148763,-0.703728338831662,23.97477515396024,-5.33572713945189
0.0005002501250625513,0.5102074104015034,-0.9163800386134437,22.318120721799737,-10.730502223326903
0.0005002501250625235,0.4697187725031817,-0.8394630017588102,24.197480098867793,-12.583664693179093
0.0005002501250625235,0.4853779617340458,-0.8694301456469047,18.808551841514035,-14.056533612531513
0.0005002501250625513,0.2232860370927466,-0.8397570025379675,16.27410088316645,-15.06575643351147
0.0005002501250625235,0.25968627732391636,-1.2460155270467808,12.27674649190751,-15.40040322014613
0.0005002501250625235,0.4169985717334945,-0.8660307692306696,16.468492807201947,-19.40438295360076
0.0005002501250625235,0.24487312720028157,-0.8351838633220778,7.032032812405967,-16.365620223401898
0.0005002501250625513,0.009141494412814893,-0.9402794470186269,1.7853370117487026,-21.03032683663367
0.0005002501250625235,0.11896168900204135,-0.9879797604125196,2.5779555772215614,-19.58399613959351
0.0005002501250625235,-0.04087711034715812,-1.0615466440007668,1.3564150243639985,-18.5802673250917
0.0005002501250625235,0.07792741094104881,-1.062835321806567,0.26937337168421216,-16.865188026625052
0.0005002501250625513,-0.13719667791350304,-0.9690482878884874,-7.404597448717958,-20.12783146196869
0.0005002501250625235,-0.028418315735099065,-1.0968413838333124,-7.543088731879505,-18.861936000274348
0.0005002501250625235,-0.3632788691807538,-0.9758713081151814,-15.815748119617732,-18.011639663165074
0.0005002501250625513,-0.49380822011896086,-1.0356157324265542,-17.894973699807892,-19.060225066933146
0.0005002501250625235,-0.24931020276488858,-1.009058582458427,-15.765553864640241,-13.608163302574432
0.0005002501250625235,-0.19092811078869953,-0.8086674234457341,-16.63859149577965,-13.717036474639913
0.0005002501250625235,-0.3582579462354102,-0.9534926725544712,-19.088380595386017,-10.532404785767337
0.0005002501250625513,-0.6281644354969109,-0.7512692344509903,-21.7892556948188,-7.495444679401335
0.0005002501250625235,-0.42573901521303803,-0.648134262161571,-23.439752521033355,-7.03673996958088
0.0005002501250625235,-0.7827459250511954,-0.8012514505718875,-25.30435128963445,-3.3389299871969373
0.0005002501250625513,-0.8341644579479385,-0.8901457620076635,-29.267336096319667,0.5328669429154764
0.0005002501250625235,-0.732128616603144,-0.735956687775808,-25.382643249968623,3.5805692356135745
0.0005002501250625235,-0.8191669220229467,-0.6345629417461048,-30.516230987618144,5.10394118786516
0.0005002501250625235,-0.8423517638109235,-0.5565931399629942,-27.442306713293213,4.968184283168448
0.0005002501250625513,-0.8248204259753894,-0.7544297485794669,-27.57619648422419,9.257933632475513
0.0005002501250625235,-0.8142192567000818,-0.5822314085354211,-23.21355818322596,8.879069553319535
0.0005002501250625235,-0.9569235074489777,-0.4900219029803964,-23.618769058413623,16.54743298926767
0.0005002501250625235,-0.9406706465572368,-0.43033997213462016,-18.103700274467997,13.264225200152307
0.0005002501250625513,-0.9704108068941135,-0.36856083468291023,-23.673019684502094,15.449436417558468
0.0005002501250625235,-1.1337414591814339,-0.3472699603634925,-18.617120910655593,18.496971141761204
0.0005002501250625235,-1.0447031173601087,-0.17505108300628525,-19.259260726172435,18.79051190433239
0.0005002501250625513,-1.004748446664251,-0.09549126385931032,-12.619684240699817,19.58365758359743
0.0005002501250625235,-1.0708679198038538,0.00943790188774321,-12.902147666478317,21.534298610925934
0.0005002501250625235,-0.9478142714076464,0.04796611993690082,-10.761680735872933,18.913965081169746
0.0005002501250625235,-1.0722014476673247,0.270800070042049,-5.042563961590412,19.27253862381172
0.0005002501250625513,-0.837114051941276,0.15193631221388465,1.3150543319902566,21.12617670060422
0.0005002501250625235,-1.0644780261650917,0.08612129705553473,-1.6675566250342573,20.847230556054242
0.0005002501250625235,-0.8842147806731354,0.4788343975095984,3.4396470317368486,15.873635733133124
0.0005002501250625513,-0.8085630204777666,0.34510219454971436,3.5105253988651914,16.957777405084233
0.0005002501250625235,-0.811946009224052,0.3628422816972083,5.431613258383829,11.50954400331686
0.0005002501250625235,-0.791481964525507,0.34067408233288343,7.693970592160455,13.507812218418392
0.0005002501250625235,-0.9389427275203198,0.5502550654430575,10.369674716352787,9.142758636783924
0.0005002501250625513,-0.826493734490344,0.6085579836704921,9.470017668014426,6.104650601929539
0.0005002501250625235,-0.7959247428840374,0.5754208725097475,12.18587616938738,8.503483635428234
0.0005002501250625235,-0.8248913374695682,0.4908883790833815,14.470322376940986,2.009278234377777
0.0005002501250625235,-0.6323666854918162,0.5784460827293076,17.25693764475609,3.4732348931592085
0.0005002501250625513,-0.6756559920321195,0.7593679319787144,14.071807956452249,-0.05697564042656156
0.0005002501250625235,-0.579417205517802,0.608615909211627,10.054921624234868,-4.48167625989466
0.0005002501250625235,-0.5416659192140629,0.6911095837418825,15.20211063206697,-6.7668648216400245
0.0005002501250625513,-0.4099508659353125,0.8729937427082408,14.767437467023514,-10.69726449870271
0.0005002501250625235,-0.3355455083258245,0.79162244368526,12.176271711317177,-10.917758308568985
0.0005002501250625235,-0.473193542580468,0.8229454090381998,11.78257506472204,-13.656183177168128
0.0005002501250625235,-0.2278758665830158,0.8375295872553443,8.909090834784411,-14.836725824594673
0.0005002501250625513,-0.28436123499637883,1.039126920311072,10.62441928146546,-16.95548277604738
0.0005002501250625235,-0.30242129264938516,0.9809400095305931,6.935506677086888,-20.168412860356465
0.0005002501250625235,-0.12399050937096762,0.8265117211273246,4.821550870010868,-17.498229086606916
0.0005002501250625513,-0.019746350128742582,0.9160605731549187,-0.45694879081711814,-18.596573712362318
0.0005002501250625235,-0.04521972587250411,0.9834331538851133,-0.6687653777762608,-20.394086961216345
0.0005002501250625235,-0.10083863080659022,0.9885410772863368,-1.141210925164758,-20.174059125095777
0.0005002501250625235,-0.026411529002325795,1.0406854808294583,-3.301991789182806,-17.533096621158343
0.0005002501250625513,0.20932678178841535,0.9412804223336928,-3.4768644579068266,-21.90280604878219
0.0005002501250625235,0.285631029223795,0.9655681960521945,-4.078355556760033,-19.919732009216798
0.0005002501250625235,0.23249719275024064,1.0290701063031047,-3.32244524051724,-18.935185511492524
0.0005002501250625235,0.13347159078558596,0.8613578052235085,-8.802942304500556,-15.17386039926732
0.0005002501250625513,0.4994250875591531,0.9669519002834022,-9.258858427273152,-12.340890366211644
0.0005002501250625235,0.34027478334088224,0.7684877263670642,-12.95579631820571,-10.359229592269172
0.0005002501250625235,0.67721927147646,0.9196337005373251,-10.557139499846661,-12.264581159133748
0.0005002501250625513,0.6851576610835087,0.9994147911944498,-11.965474757327032,-8.511510819223403
0.0005002501250625235,0.6218798084126238,1.0432714770825084,-14.87540256805777,-3.9329179250303636
0.0005002501250625235,0.6517782759495037,0.7555436580380135,-14.52896306945993,-2.2892633883132074
0.0005002501250625235,0.6704128887108649,0.713874692733773,-10.715453396751641,1.2876728763293477
0.0005002501250625513,0.7687196690618069,0.5651683609781762,-15.23845623131443,4.251625577932477
0.0005002501250625235,0.6986805350346125,0.7668828817457459,-13.53687448076864,4.057949281947165
0.0005002501250625235,0.7154297973733829,0.6583873229980897,-10.850486917466904,4.35578266518919
0.0005002501250625513,0.8083751998354451,0.581713760067826,-9.563308415256998,8.353733539661333
0.0005002501250625235,0.8174001652357625,0.466314108123425,-7.788814128703491,12.758247090813573
0.0005002501250625235,0.8435052679675195,0.33136354219322595,-10.507656437157316,14.848392647529574
0.0005002501250625235,1.058696797330716,0.2922330028986543,-2.3279646346759275,14.2472400134084
0.0005002501250625513,1.0473442558012451,0.19005177442905447,-1.979062362322343,16.63992472078979
0.0005002501250625235,0.9769060517771282,0.416142928943675,1.2466990120446515,18.85878008924859
0.0005002501250625235,1.0234990837694118,0.15103673596228623,3.4293127302471085,17.729697445264236
0.0005002501250625235,0.9250844513219255,-0.042042667791526434,2.1814714782443003,18.332478169862743
0.0005002501250625513,0.9443610728218941,0.27068547720590747,8.80222604530333,22.217297895773687
0.0005002501250625235,1.0740862805173876,-0.015043343786785592,7.706985214985738,19.2858637723884
0.0005002501250625235,1.048236149399444,-0.3390946869185218,13.47965498464012,21.860801839696535
0.0005002501250625513,0.9697472977972875,0.01704602276974626,16.450093746022294,18.02330137250515
0.0005002501250625235,0.940451028403289,-0.288669000477929,16.147756057230055,19.510839961664793
0.0005002501250625235,0.8696262612283712,-0.32655049331697145,17.86874414379118,19.303555799318598
0.0005002501250625235,0.95404651981167,-0.3500585161079867,24.26320000277883,15.486248899060971
0.0005002501250625513,0.8859094047213878,-0.18141954558617363,25.74607185576185,15.733332582918944
0.0005002501250625235,1.0794701040984496,-0.42635750601610345,25.806645392869243,11.096314620985297
0.0005002501250625235,0.8267848589548727,-0.325809300891821,26.51881688746264,9.450027576999739
0.0005002501250625235,0.8339613192158625,-0.5442003751326792,26.47895915893008,7.253882332850844
0.0005002501250625513,0.7304384317068692,-0.7316437181342541,25.05461065981272,7.589929435509607
0.0005002501250625235,0.7531951796619937,-0.7553872637932548,28.438020707395182,2.5247232494881597
0.0005002501250625235,0.744104165616199,-0.6894745199622351,26.295135972980695,2.5537695506697844
0.0005002501250625513,0.5549905858699357,-0.907399053811143,25.132554679457144,-3.0601480904762783
0.0005002501250625235,0.5056948205834707,-0.8833974672651866,22.49781287876123,-2.4283084978620555
0.0005002501250625235,0.469824158004198,-0.9121318375964169,24.499059858194833,-6.567858982444815
0.0005002501250625235,0.6403744832796874,-0.7578430264010036,29.213978876153863,-9.062684580808481
0.0005002501250625513,0.4962347451691509,-0.7824433120637021,21.36512272614839,-10.156362785509844
0.0005002501250625235,0.5739981667514169,-1.0536027918830786,22.698097955108825,-13.873799509431214
0.0005002501250625235,0.38453847213955267,-1.0788327583503325,17.777489245438566,-15.974752061293207
0.0005002501250625513,0.32397829957429863,-0.9235809213655106,13.05981747963111,-16.389716765712198
0.0005002501250625235,0.2868734756517635,-1.2143588092671473,12.089186371805484,-19.40370652699312
0.0005002501250625235,-0.07267596453394254,-0.9262164068739025,3.7732670405233693,-22.16328196083893
0.0005002501250625235,-0.05008240479781255,-1.0265558894042568,6.629425371514693,-18.15647177936864
0.0005002501250625513,-0.02990229740899563,-0.9980172216219031,1.8070518157374877,-18.946482599680763
0.0005002501250625235,0.026122312764122236,-1.0288565492856836,0.15411874858763586,-18.500161807183467
0.0005002501250625235,-0.07462275712090918,-0.9866594923458412,-6.706152941935511,-19.8418848703868
0.0005002501250625235,-0.20771649843201156,-1.0401194940308403,-8.391801294142326,-21.084753256576015
0.0005002501250625513,-0.05077584804818089,-1.145040800314518,-5.926293818182508,-16.3154962898063
0.0005002501250625235,-0.3299527754427235,-0.8740969655766249,-12.838583646944357,-17.63673495951241
0.0005002501250625235,-0.2607710324606746,-0.9324463056518967,-15.555491362761998,-14.650887091112013
0.0005002501250625513,-0.49947126674360287,-0.9540799829359875,-19.082202198243813,-12.066437963518622
0.0005002501250625235,-0.5124850455679713,-0.8715968762654407,-22.158141455183586,-15.340416499023931
0.0005002501250625235,-0.33326766268049135,-0.9437571251630695,-19.716164806672722,-9.645845096733224
0.0005002501250625235,-0.4367094382751125,-0.8578245821539144,-21.400554619906206,-3.9975328080068886
0.0005002501250625513,-0.5817121043524406,-0.6996281768734721,-23.79619627854415,-5.528370258781875
0.0005002501250625235,-0.5467557130029402,-0.6329675749944815,-27.773869388604297,0.7366717566073855
0.0005002501250625235,-0.8692403658341518,-0.7432120820211315,-27.988879949297843,-0.32279913808065336
0.0005002501250625513,-0.709372653362667,-0.6300281778682119,-26.62894449441189,0.6191961872089622
0.0005002501250625235,-0.9051033569669823,-0.5548764488197029,-27.92316382112645,1.3663553454350676
0.0005002501250625235,-0.865730399027272,-0.44784665931398876,-29.777676696994863,6.220407066337753
0.0005002501250625235,-0.8486445586120899,-0.49200769447930753,-25.317306690852835,8.894270344059931
0.0005002501250625513,-0.7874862908898321,-0.6185535971131628,-19.104162409690975,8.253121008389252
0.0005002501250625235,-1.0150738904345515,-0.3044898409237798,-26.142824757261675,13.956483257481233
0.0005002501250625235,-1.042899324607812,-0.4624762083404519,-23.01813079705127,15.64479361003421
0.0005002501250625235,-0.9136967734820883,-0.21825398906067117,-18.2471886738462,13.67344667868733
0.0005002501250625513,-1.0111935750096719,-0.3531769856657902,-19.748142881355662,15.312187232981968
0.0005002501250625235,-1.0415289024953978,0.0876465218586148,-14.426399936413427,19.523306736871895
0.0005002501250625235,-1.1279395046621472,0.09272820355146677,-16.931981676627373,21.057704499442366
0.0005002501250625513,-1.145566330625591,-0.19457811344363304,-17.94842734747941,18.547991556459152
0.0005002501250625235,-0.7663478790868893,-0.048089091905873516,-8.181295445800163,19.875823678995868
0.0005002501250625235,-0.8909617687086597,0.08514864470362697,-5.616565026122588,21.718430559580238
0.0005002501250625235,-0.8685800151249232,0.32958307587459923,-4.88348426880209,22.891489296866226
0.0005002501250625513,-0.9056477684990838,0.3227011779055713,0.5464478247715856,17.31584707871099
0.0005002501250625235,-0.8909174787081314,0.3436397700209722,4.496469655384637,17.965612421339408
0.0005002501250625235,-0.8183715928971881,0.21647099188174257,2.8568076282469255,13.739253466569938
0.0005002501250625513,-0.8941011915042498,0.29609575087901235,3.4467854808670797,13.865579115216738
0.0005002501250625235,-0.9683467431709598,0.37346758573346334,6.002584778485217,11.844885377401104
0.0005002501250625235,-1.1383928040734461,0.35939607879793944,4.4738711662201345,10.78776593374186
0.0005002501250625235,-0.8155317426236088,0.33085544490530616,11.62695261965181,5.380914254517001
0.0005002501250625513,-0.55065940794892,0.6068107237428428,12.729659536619533,5.463021957411702
0.0005002501250625235,-0.6648774496959599,0.6064450531867903,14.996198980266826,4.220875469056411
0.0005002501250625235,-0.6541137046382438,0.6761579638038913,13.23904883020094,0.3204984471144028
0.0005002501250625235,-0.6028099324746671,0.9291617984811024,11.05574915343395,-3.4337520847097562
0.0005002501250625513,-0.702728212076511,0.9248527070305189,10.516990085740396,-2.9026025917767093
0.0005002501250625235,-0.5858773252632161,0.7076670144986079,13.424719987788198,-7.384271961397642
0.0005002501250625235,-0.5251819089828352,0.817490992555937,10.45949577099022,-11.655401403569261
0.0005002501250625513,-0.5544521783145151,1.046446450237282,13.689957302116973,-11.142913002408696
0.0005002501250625235,-0.46568349846071655,0.982666658634817,8.945324939293018,-10.748776399496617
0.0005002501250625235,-0.3649572785606037,0.864007678979768,10.720582698625705,-15.082808720353093
0.0005002501250625235,-0.2654805019024947,0.9092386412041269,11.447154777060351,-15.900133106111433
0.0005002501250625513,-0.19773737947601594,1.0640652728129993,5.966343131233535,-20.301195155492778
0.0005002501250625235,-0.22863514990642528,0.8011331267323842,5.627343083681084,-19.334561246513754
0.0005002501250625235,-0.24970493247219894,1.0898518997353863,4.849866976706587,-20.832392149010197
0.0005002501250625513,-0.0359580109014907,0.8334465928438451,-2.0100455662182317,-18.22184013358718
0.0005002501250625235,0.003821166172751937,0.9499623716705249,0.9993531562200184,-20.817098236773784
0.0005002501250625235,-0.007447491609331225,0.9912739648447139,-3.0546277243282196,-21.99992711875441
0.0005002501250625235,0.1839871468764866,0.9384161266766247,-4.953593746659272,-18.691946698093602
0.0005002501250625513,0.3775933712668941,1.003566544188333,-3.1474093939898644,-20.194972840320336
0.0005002501250625235,0.24067305918136503,0.8638338111265018,-6.669122789246562,-18.307156501337236
0.0005002501250625235,0.4120727200277818,1.1667945797137098,-10.709375295523296,-18.86152389216406
0.0005002501250625235,0.23985127844147955,1.0460186504614728,-14.265988183973153,-14.340897885032506
0.0005002501250625513,0.5156463837733041,0.9196684709218782,-11.505965802262732,-11.862707827556896
0.0005002501250625235,0.4725650634762702,0.7817240188711303,-13.934712104469954,-10.890685038013798
0.0005002501250625235,0.38761444615639506,0.8771150914510398,-14.503279999566805,-2.7649425737384457
0.0005002501250625513,0.5942582288892573,0.7364593997794738,-9.893225661132497,-5.3478476821762175
0.0005002501250625235,0.5758200061128025,0.5373905497912616,-15.69944510816434,-5.279348391755147
0.0005002501250625235,0.693162042100514,0.6640827525176759,-13.875302195904373,-0.6156465081571305
0.0005002501250625235,0.5688049293476072,0.6180066699797057,-11.745951870492137,4.863093013924645
0.0005002501250625513,0.705043247216685,0.48137173691013124,-13.287889632204017,2.3236185708581525
0.0005002501250625235,0.6207398143404982,0.6288667327847307,-12.20267632850271,4.921895452223042
0.0005002501250625235,1.0193456009171304,0.46129105284490896,-8.880473303794206,5.928094378444694
0.0005002501250625513,0.8451950524281654,0.2618686789249055,-9.65401199262831,13.621123580813382
0.0005002501250625235,0.9147735596646084,0.33979561242519135,-5.035924961173034,10.357980048973545
0.0005002501250625235,0.9175325396765454,0.39507725218608986,-6.856710925239047,15.094126931703613
0.0005002501250625235,0.9671502058310356,0.11933838492967097,-0.5753163186890999,18.309602261194556
0.0005002501250625513,0.9459780512713927,0.21707033151976432,1.4779705583148348,16.173884410344005
0.0005002501250625235,1.1152825694582238,0.1574931744434451,7.4719219968287724,21.9507656633552
0.0005002501250625235,1.0906587703651835,0.18067034999233755,3.7159797551121136,18.72823654411225
0.0005002501250625235,0.9703003565000899,0.09618989349027912,6.831521663714292,21.508414600552022
0.0005002501250625513,1.0507645503418237,-0.022315801119653395,12.86830007775705,21.717076342286013
0.0005002501250625235,1.1898807909661848,-0.06010780885435518,14.445880839337125,18.36550375854196
0.0005002501250625235,1.044642124650573,-0.19214096062994607,17.316658349895587,16.797210042353157
0.0005002501250625513,0.8850608024191584,-0.28407155924367405,15.863503774370193,15.104460371310243
0.0005002501250625235,0.9135241415514747,-0.28992348965022186,19.688213095363498,19.09726941828839
0.0005002501250625235,0.7279655834024757,-0.1914746452726044,17.060011114443384,19.677111324664295
0.0005002501250625235,1.0993454970300562,-0.3739043872412021,25.219254655500407,14.150814800475553
0.0005002501250625513,0.8360697331883772,-0.45195682868556963,24.764792795093573,13.942367987089979
0.0005002501250625235,0.8989086179504229,-0.6204862533138075,25.795911691055895,10.196468990233127
0.0005002501250625235,0.7417265033548417,-0.660917577815403,27.33704946317731,7.426068655016232
0.0005002501250625513,0.823615383821218,-0.47991477201535715,29.12751672152531,6.592007122549591
0.0005002501250625235,0.7118874611647066,-0.7638699146828861,28.713203178989513,3.892232367367863
0.0005002501250625235,0.730835801198787,-0.6159958542688694,25.054684336497917,1.3394471048992171
0.0005002501250625235,0.5217542960993491,-0.8284981523391456,28.638747906380207,-2.7353563996777366
0.0005002501250625513,0.7411641833886446,-0.7419058814653104,29.083167328253023,-1.4714939613839428
0.0005002501250625235,0.5806162103040262,-0.820519301040936,29.182154600002967,-5.945922962982229
0.0005002501250625235,0.5209972085832284,-0.8381331081495359,23.41701822329467,-7.140841816386942
0.0005002501250625235,0.645469646539799,-0.9961474050726661,26.28391717955491,-12.678308491059909
0.0005002501250625513,0.2421063031150869,-0.8663403374887619,20.352782645258777,-17.51235554847992
0.0005002501250625235,0.5112003580477068,-0.9120202405452642,18.85783243228112,-12.02763622790796
0.0005002501250625235,0.2509118081216186,-0.9482266163763079,15.272212252204023,-14.709240446370186
0.0005002501250625513,0.21396963655746812,-0.9046556576712117,11.24649064632269,-17.353291073880403
0.0005002501250625235,0.31367478111722347,-0.9852299370203373,6.953531359340801,-16.89791928574217
0.0005002501250625235,0.1841921013958433,-1.007529774155014,7.624677371089817,-23.316381056259615
0.0005002501250625235,0.12055091262840593,-0.9596082393939145,4.971919037264277,-16.687589136454402
0.0005002501250625235,-0.12167664492611133,-0.9950296766657306,1.555653696040599,-17.40316868977398
0.0005002501250625513,-0.24634951542076733,-1.065307621966035,-6.944182113650713,-19.127070391231936
0.0005002501250625513,0.06755696675015993,-0.9044209519374714,-6.462268646975293,-22.01684218620184
0.0005002501250624958,-0.37340098687554846,-0.9741391085694582,-10.258033345757957,-15.410240038345277
0.0005002501250625513,-0.11833863742481224,-0.957584258346972,-12.274001440500918,-14.794341683275793
0.0005002501250625513,-0.39746515342923183,-0.7891561300507228,-14.65490410429631,-18.26495158045243
0.0005002501250624958,-0.5014216529847763,-0.8607379558175462,-19.793839433760713,-15.708184203559606
0.0005002501250625513,-0.5240332061081616,-0.604063009946594,-22.710359236797437,-12.972396888181041
0.0005002501250624958,-0.38796291317448645,-0.7380013034148419,-19.827626995567634,-13.533888811542244
0.0005002501250625513,-0.4784124317003584,-0.8280042766726186,-23.11221134821157,-6.188685693218547
0.0005002501250625513,-0.8082793492642201,-0.998352287716087,-27.82249012565682,-5.866516503312838
0.0005002501250624958,-0.5599500484928535,-0.7431089983699956,-25.72478097768235,-3.604420378547268
0.0005002501250625513,-0.6943836184137744,-0.7964995066415227,-21.41350560960838,-1.7044123317067073
0.0005002501250625513,-0.6025695314722669,-0.8320682786793044,-26.42493720756329,5.472283264254744
0.0005002501250624958,-0.6933310693054963,-0.5337371118510359,-24.972763647939676,6.321770684845119
0.0005002501250625513,-0.7201091834110825,-0.5720389167180107,-24.916187252149065,7.382458961645345
0.0005002501250625513,-0.8811142173872542,-0.7785917071030781,-25.93468437541251,9.718224534285824
0.0005002501250624958,-0.9012738681065432,-0.34043838444420127,-25.91293725550886,11.467183146722196
0.0005002501250625513,-0.9215035943209153,-0.3580937007855767,-25.691787508585357,13.24315264581972
0.0005002501250624958,-0.8158536659598921,-0.518375897769629,-21.42851086106383,15.740512454716834
0.0005002501250625513,-0.9807193216475564,-0.1986248825550626,-16.887915511422126,17.46605372098769
0.0005002501250625513,-0.9575116717726697,-0.2290737038356013,-19.51658070015825,16.674470715898316
0.0005002501250624958,-0.9786114429314552,0.025768739237124333,-15.253704889514564,19.750471266798748
0.0005002501250625513,-1.0723138326475683,-0.1875174937305767,-12.974887746260666,17.00187523920358
0.0005002501250625513,-1.0855000224477964,-0.26925169268061977,-13.391116443775076,21.61350216803346
0.0005002501250624958,-1.0925120372573491,0.054146775024560764,-10.573981196775124,19.752005744508118
0.0005002501250625513,-0.9874961582228935,-0.0991720080202748,-4.665781986658992,20.866943727491954
0.0005002501250625513,-0.9729029597984955,0.1733839983907814,-5.826679986142509,20.233841774716495
0.0005002501250624958,-0.880598513435336,0.21568618475298312,-1.7893741387874929,22.542663616270755
0.0005002501250625513,-0.941380356247318,0.13198726662134805,0.16231942302992264,20.3389039030609
0.0005002501250624958,-0.8859679418335439,0.2877483100695791,1.0905474328048999,18.132495274782848
0.0005002501250625513,-0.9046970288416148,0.45732677745714,3.6218872286563197,13.061744431807497
0.0005002501250625513,-0.9188771954418061,0.4520374316174262,5.056983180259752,10.803061911541262
0.0005002501250624958,-0.8233014451517882,0.5988740954780917,10.753383592642352,8.073476063689004
0.0005002501250625513,-0.814394669730204,0.6285012208002382,7.428656861093074,7.212365548402276
0.0005002501250625513,-0.7746414010323946,0.6992551715272274,11.533071659354926,4.69930061888739
0.0005002501250624958,-0.7302420195606983,0.6328647908526842,12.558977139511615,0.7823330362936041
0.0005002501250625513,-0.5454703266325374,0.6977233724545702,13.389902757143501,-0.8334961776781629
0.0005002501250625513,-0.7044686452145278,0.777474584905865,11.5060666960055,-2.169779774710768
0.0005002501250624958,-0.5044248576453962,0.7921060357688657,13.973612174870464,-8.640758590113805
0.0005002501250625513,-0.5841058250108896,0.843472142513138,17.005881038500416,-7.082154200600331
0.0005002501250625513,-0.5038247312967391,0.8752066290947749,15.125701865101064,-5.784522290975129
0.0005002501250624958,-0.41970341422507684,0.7511546842356871,10.944065081059534,-11.391474543933102
0.0005002501250625513,-0.44099660238254557,0.7560197784785365,10.826922825791598,-12.872199226453711
0.0005002501250624958,-0.4725613249896262,0.932547266856221,8.480784315711873,-16.154774028457002
0.0005002501250625513,-0.22539745633647065,0.876777706776275,9.545063899934902,-19.73898143206386
0.0005002501250625513,-0.350653411265429,1.0140713900256488,2.8516202666833204,-17.377093461253963
0.0005002501250624958,-0.19423627267578863,0.8862779360169006,8.431093193432034,-19.192945130631287
0.0005002501250625513,-0.19490366351596344,1.0404546294664494,-0.19250671172974476,-19.414729660605307
0.0005002501250625513,-0.03166685748317333,0.895458102580932,-0.19598929063572434,-20.116918384719398
0.0005002501250624958,0.0649867516642962,0.8856127260810102,-1.6290972027044468,-15.531486203156032
0.0005002501250625513,0.024983186780943578,1.069603404140023,-2.071264687039699,-21.585208255858802
0.0005002501250625513,0.2444547964784058,1.126383226069111,-2.5975268007754297,-20.868109370010902
0.0005002501250624958,0.19677638012666548,1.1152933598950152,-5.463209872653594,-18.88293266052129
0.0005002501250625513,0.21481104170757204,0.8144268919634271,-10.991550787082982,-14.371750126094279
0.0005002501250624958,0.5097590828564453,1.07356403631233,-6.516522661453115,-14.612468388061915
0.0005002501250625513,0.46063234677091225,0.901821936081736,-11.790236430849612,-14.91586791015612
0.0005002501250625513,0.30713084482348807,0.8863048206749462,-14.603310908337082,-15.465769901989589
0.0005002501250624958,0.657038851131362,1.1182369161670558,-7.688094459956461,-7.787047956017518
0.0005002501250625513,0.485069049109881,0.6379145095241897,-12.823601347789127,-6.491445977233883
0.0005002501250625513,0.5370785116906227,0.8915386854965208,-14.27546243229394,-5.2523016008650405
0.0005002501250624958,0.6500581747174526,0.8414416689201204,-17.445700344846053,-6.1608544944285075
0.0005002501250625513,0.7328328154186867,0.7104236184774444,-12.514003823373496,-0.41732249681193345
0.0005002501250625513,0.8148737823358682,0.5577745351706811,-14.373146554119462,1.6612271913559902
0.0005002501250624958,0.9500480618656169,0.7343164461553776,-10.215217117125091,6.625773446015648
0.0005002501250625513,0.8657631892770618,0.540851076868923,-9.323050658075989,4.337970053064801
0.0005002501250624958,1.0986808276411804,0.4774442046995388,-5.904796195522475,6.544180942292247
0.0005002501250625513,0.8048622748526564,0.4538702273338674,-6.990011814268707,12.048276842531086
0.0005002501250625513,1.057409987182056,0.6218261715659762,-4.991549194086997,14.096339940080926
0.0005002501250624958,0.8608961525118042,0.30683364074280167,-6.784091200985422,15.468123971432183
0.0005002501250625513,0.9952275350808858,0.29975800724954627,-2.6332537368840665,18.549093437054246
0.0005002501250625513,0.9021479977363739,0.13784321730048832,-1.6475490805766575,17.287648838509252
0.0005002501250624958,0.9123617118004506,0.11116812331529605,1.7802900829857347,17.205912266594297
0.0005002501250625513,1.1591413315206487,0.15987493732134953,8.288037632527772,20.356864071313908
0.0005002501250625513,0.9267131943848647,-0.016837505592123485,7.134110361850729,19.442660560710603
0.0005002501250624958,0.760763629883487,-0.030739748864901374,8.370074473018168,22.395691177575024
0.0005002501250625513,1.0072672715779347,0.05157340270791229,11.04901020692276,22.26648403379611
0.0005002501250625513,1.0365502427267097,-0.2814887069665195,17.81292773695853,20.138561521546094
0.0005002501250624958,0.9386637106487661,-0.17236892545222535,14.297291957397988,20.66222636821788
0.0005002501250625513,1.100571378064671,-0.32376288078067494,21.205357992014996,14.611011240295868
0.0005002501250624958,0.9178612433761549,-0.25343709028619077,22.152481441632666,11.880680629542585
0.0005002501250625513,0.8253894066185766,-0.4200903614820154,22.63181663610925,15.28565812397641
0.0005002501250625513,0.9262788674832863,-0.5565458825178714,26.267872773634913,15.464234710952553
0.0005002501250624958,0.8543441945716239,-0.31476689982822836,23.225195634195774,9.337022122802827
0.0005002501250625513,0.7153256133068948,-0.44482180492826895,26.58937983104015,4.991241069893542
0.0005002501250625513,0.7776920683360385,-0.5481872035540457,28.761233523739417,5.999742253893272
0.0005002501250624958,0.6709193173698343,-0.6060961124956848,25.931124418892264,0.039327932825634626
0.0005002501250625513,0.7236435813336726,-0.798431832301042,25.654040828042664,5.585370607911087
0.0005002501250625513,0.5584703212020663,-0.815469726553216,24.759420767171466,-4.398302832809829
0.0005002501250624958,0.5871037627373293,-0.6961498662885011,26.74373247734074,-5.041600311472362
0.0005002501250625513,0.5408083901147405,-0.8548824955661694,23.985633531650382,-5.264681338436612
0.0005002501250624958,0.7142260230908806,-0.934383069388369,23.378921362776243,-11.231122022195851
0.0005002501250625513,0.34712759980452873,-0.9507138249394275,20.356356141210075,-12.430928947275213
0.0005002501250625513,0.37022364401303964,-0.9559032675700339,20.72993273968138,-12.764246717858246
0.0005002501250624958,0.46064495257068155,-1.0257526318693042,16.67784120579735,-14.476981125044055
0.0005002501250625513,0.42001574526675667,-1.0463292957450003,14.84340215337572,-19.218331355481432
0.0005002501250625513,0.24865762977471065,-0.851403866851577,9.653663845589383,-19.030688635592387
0.0005002501250624958,0.07174880264244515,-0.8661753954229029,9.84571193873033,-21.252286870194194
0.0005002501250625513,0.1307528101915467,-0.928608157730702,8.568728558070678,-21.193813622754575
0.0005002501250625513,0.05569610009618696,-0.9474754742085298,2.0013817321554406,-20.271432441289683
0.0005002501250624958,0.10125965788900189,-0.9841483275210703,-1.659357960005202,-19.69842578441634
0.0005002501250625513,-0.16931874476704098,-1.044636479602887,-5.785043186691244,-17.558446327763935
0.0005002501250624958,-0.16102316237074296,-0.9621978205389204,-6.759383074312796,-17.029405206016282
0.0005002501250625513,-0.15065787199101263,-0.7551978835365802,-12.923327490435854,-16.699861353923026
0.0005002501250625513,-0.3313687856007054,-0.8377255440317424,-13.325926826920169,-16.01740097608495
0.0005002501250624958,-0.3460023319650607,-0.9735764804706587,-15.042254395178887,-15.437780722059937
0.0005002501250625513,-0.40738056500204095,-0.7150610799621847,-14.225270054928915,-15.576748984275307
0.0005002501250625513,-0.43006133748699127,-0.8468960123092433,-24.673399861140005,-12.205266602720805
0.0005002501250624958,-0.6205789708613095,-0.661297955552564,-22.010435866741272,-8.711003134462704
0.0005002501250625513,-0.6980480036483923,-0.6671952920784936,-22.83014901531215,-5.832986371651646
0.0005002501250625513,-0.5014650401492101,-0.8313619537144727,-23.017824827884834,-4.004415066615706
0.0005002501250624958,-0.7427248627664511,-0.6529514495422882,-25.01400206682168,-4.42437874827565
0.0005002501250625513,-0.6795970890923713,-0.7881398994666904,-28.232187034686493,-2.452554953836204
0.0005002501250625513,-0.7331766601485635,-0.5082240347366543,-28.07598867595284,-0.581280299904761
0.0005002501250624958,-0.862642164962368,-0.7837546342458119,-29.88187381572467,3.309647018248536
0.0005002501250625513,-0.7076663955100405,-0.6145544636091578,-24.14968167543859,2.158202807326383
0.0005002501250624958,-0.8160040340911019,-0.5826227016533742,-25.862510315292198,9.356630203897447
0.0005002501250625513,-0.8556541864018236,-0.5394919481824699,-22.75019942722992,13.051183559576538
0.0005002501250625513,-0.9507822307759254,-0.4606861328348929,-23.907443223529295,11.884078000386072
0.0005002501250624958,-0.957967091763709,-0.30869981191723295,-22.233460623516713,13.858880459471951
0.0005002501250625513,-0.9589177058625231,-0.2213886834601793,-18.188812685798,15.60436776078345
0.0005002501250625513,-0.9185145480958952,-0.35207498630374245,-19.650704800123695,16.15150517170388
0.0005002501250624958,-1.2020565382885648,-0.11581859425751646,-18.52521152765572,22.13743788774036
0.0005002501250625513,-1.0418754084603257,-0.18099249001638867,-13.14641084122124,18.598040025692725
0.0005002501250625513,-0.9262584260094648,-0.0791865149162643,-8.850031682750075,20.02840238809113
0.0005002501250624958,-1.0308808640166827,-0.06414126986935267,-7.304882254620198,17.63690976993021
0.0005002501250625513,-1.0151461990962083,0.11762141719535457,-7.467876334842481,18.789940445112887
0.0005002501250624958,-0.972242967478123,0.16806979945402312,-2.297786440013783,21.75676126397261
0.0005002501250625513,-0.9542607361544413,0.2566600507578297,-4.733631173593052,19.380803027379084
0.0005002501250625513,-0.855110201997868,0.24206647350528226,3.6353280558155436,16.55915363318111
0.0005002501250624958,-0.9804728869938072,0.24652564480250874,0.9990023204827536,12.293690677149915
0.0005002501250625513,-0.9371909836012227,0.284042316239712,1.7217895029703327,15.867935198472926
0.0005002501250625513,-0.9463689421030277,0.42127003663313733,8.512110022768267,12.174833124813695
0.0005002501250624958,-0.8066553451238968,0.3737932339448993,12.854080929740423,6.735119299794558
0.0005002501250625513,-1.0485716076359413,0.6451008090181626,9.888307509058864,7.217161330468565
0.0005002501250625513,-0.8474803467982852,0.6608231577223355,9.19255583202853,5.5148810619901125
0.0005002501250624958,-0.7843652208539763,0.7222869421818124,12.647250706521392,2.0279964120022944
0.0005002501250625513,-0.7613540284143098,0.8713921535039457,14.977469273103221,1.7526110902525494
0.0005002501250624958,-0.7015765227389539,0.8365047761754083,12.649421189044078,-2.289175609625204
0.0005002501250625513,-0.532413325119606,0.7267504128990279,13.002827891922877,-4.830468832767828
0.0005002501250625513,-0.4818533590935744,0.8148430570687893,11.167976196060327,-9.093868012144634
0.0005002501250624958,-0.7064717216044529,0.8506578844263282,12.166689499115087,-7.158849090768635
0.0005002501250625513,-0.4609977505610964,0.9100844649605278,13.219644424490314,-9.607254931758062
0.0005002501250625513,-0.4027436881608163,0.8065543461211764,8.612084118406665,-12.429496115213329
0.0005002501250624958,-0.16304523484695424,0.9505714065437205,13.993760278645258,-17.50555883199966
0.0005002501250625513,-0.37365537323482373,1.0992346153918158,6.730134856154802,-18.068554297617865
0.0005002501250625513,-0.3512121298990556,1.0430972047652987,7.214832767878091,-17.590298721930715
0.0005002501250624958,-0.12908144264477392,0.9009690312934877,9.168472302913168,-17.74864609509353
0.0005002501250625513,-0.10617692490805732,0.9033238448203573,2.931449391357003,-17.552230608855577
0.0005002501250624958,0.07473518440475052,1.1471241643629344,2.6871076478906346,-20.730874413683235
0.0005002501250625513,0.1445565945498786,0.9909886449170007,0.8252675620211838,-22.012216011124785
0.0005002501250625513,0.09963292706113888,0.9792360393467563,-3.0874188644802105,-20.08949942660186
0.0005002501250624958,0.03923187008663259,1.0270010277585735,-6.781654366051655,-20.942665525043175
0.0005002501250625513,0.11528884183191036,1.159549721543938,-6.849510107529234,-16.60392647031967
0.0005002501250625513,0.15631708732708705,0.9536704899384082,-5.515985184131722,-17.62218770601385
0.0005002501250624958,0.19957601556082463,0.9901632356022748,-12.288888064694838,-16.786957436252667
0.0005002501250625513,0.37352445259471057,0.811549981347097,-7.403995924062289,-15.688992508831971
0.0005002501250625513,0.47190753822765674,0.7483218902032323,-10.766192598333427,-12.697511184477023
0.0005002501250624958,0.5412893963085004,0.8170783344127427,-13.537356028467709,-11.254642132035405
0.0005002501250625513,0.4654428626430409,0.9879291429055876,-10.615654599840642,-10.72076185573258
0.0005002501250625513,0.6454025844400784,0.741578652849096,-11.59446170919464,-4.087349428516865
0.0005002501250624958,0.7353907274891277,0.6789055044395131,-10.13749645214525,-5.984382211776413
0.0005002501250625513,0.8932733197044391,0.7558520728775182,-11.998048075586208,0.9792015820991351
0.0005002501250624958,0.758900106869696,0.6572080233887178,-13.710216053668407,4.599167643270714
0.0005002501250625513,0.9831396460070378,0.5588303070533198,-9.765325782193969,5.459270041558578
0.0005002501250625513,0.6873745624077806,0.4461019263566801,-15.031997926079693,8.919090652369285
0.0005002501250624958,0.9488344287220332,0.5784138460485344,-9.653462387805806,10.975572825736315
0.0005002501250625513,0.9021013884717782,0.41451612980894625,-5.356773141081286,11.056970369244626
0.0005002501250625513,0.9987280025767055,0.48268875328593946,-6.178507542349717,12.466470625544142
0.0005002501250624958,1.0067395368353167,0.2047845454502885,1.483118967238493,17.772456139723904
0.0005002501250625513,0.9256955495262947,0.49544784454171564,-6.090897815827278,18.021287120190042
0.0005002501250625513,0.91592081544671,0.07784469609629696,3.097409108632736,17.11667915356997
0.0005002501250624958,1.086085231874768,0.11375480844556327,6.314569654920753,18.4409628594751
0.0005002501250625513,1.138627847970951,0.28799220240347045,4.021696702197863,18.803170640391286
0.0005002501250624958,1.0149005462710718,0.08101654413438443,11.7869911342386,19.039542005276356
0.0005002501250625513,0.9716204365234207,-0.0895845664858858,10.624087413881908,17.334519047124342
0.0005002501250625513,1.048023878660487,-0.08286271218988173,12.943325968270635,17.91542240417032
0.0005002501250624958,0.9151520474944967,-0.06382241524272617,17.51385145160942,20.145447905980433
0.0005002501250625513,1.0762490101008229,-0.30664450554283446,21.230464190307753,16.944148825113864
0.0005002501250625513,1.0303848656008439,-0.4680531101153076,19.78970746648579,16.43650214596393
0.0005002501250624958,0.8073125013496409,-0.4076012643354196,21.1966078475316,12.624034533795285
0.0005002501250625513,0.8258865641379937,-0.38491439682447376,24.0371374852296,14.995338203381115
0.0005002501250625513,0.9047245297964586,-0.40414333829909965,25.569296312905756,12.929488806966898
0.0005002501250624958,0.8340137200130775,-0.5853717637314944,22.64948030241974,10.802047737997277
0.0005002501250625513,1.0005385526356902,-0.4437051392960286,27.192661272068126,6.691590839144687
0.0005002501250624958,0.6686859086956576,-0.6329923432823975,24.65325090813382,6.980029615778515
0.0005002501250625513,0.7699781543763987,-0.5199043082982066,28.859211560324805,5.250168993518631
0.0005002501250625513,0.8391103621681966,-0.6799052737976762,29.77259321113801,-0.0007386124845720765
0.0005002501250624958,0.7284846545827702,-0.8292686082317566,28.941501251276563,-2.4148364190619214
0.0005002501250625513,0.6663533960088931,-0.8420195706143148,28.09219856420611,-6.43190497440019
0.0005002501250625513,0.6297054299958842,-0.7928468691124279,26.033669984857873,-4.017598264210742
0.0005002501250624958,0.5003934958843121,-0.8944133314660616,22.696865171973077,-8.657852386489326
0.0005002501250625513,0.505984916844511,-0.9723582909437171,23.88090414077093,-10.906430275236966
0.0005002501250625513,0.4880685887171943,-0.9740393165520194,24.558517308398102,-10.489412441871774
0.0005002501250624958,0.2709715927356505,-0.9153994946523579,11.784446914725995,-18.09675776358187
0.0005002501250625513,0.20344281161621447,-1.0304764334240286,13.203525541880158,-15.574739951466547
0.0005002501250625513,0.251021655633232,-0.9754555822759328,12.111198708946622,-18.775983523028437
0.0005002501250624958,0.17490628216627035,-0.9682065083933656,8.970183208254468,-20.061460986263448
0.0005002501250625513,0.10151370319934368,-1.0890594112572112,2.5368341504029956,-16.711637890874243
0.0005002501250624958,-0.038580358673935854,-1.2568374232314363,2.6623261105572236,-19.046455100065028
0.0005002501250625513,-0.08123723162757887,-1.102885543561407,-2.5299532778688807,-20.171232103621126
0.0005002501250625513,0.002805063640769226,-1.0105181251916735,-3.2200199607196756,-18.00077548579246
0.0005002501250624958,-0.09485501447024111,-1.0286986272200873,-4.46848190346161,-17.959892340755623
0.0005002501250625513,-0.368293547865332,-0.8948011294740749,-12.229744840538558,-18.39119466235388
0.0005002501250625513,-0.22733067836794085,-0.987195163831068,-13.790798070937257,-16.50612396636012
0.0005002501250624958,-0.40149615553068013,-0.918875355963628,-15.784501636365292,-11.428568260342878
0.0005002501250625513,-0.5271440553157267,-0.8232062859315623,-20.715202170541726,-14.86314768646098
0.0005002501250625513,-0.4182305906461854,-0.9236769284585349,-16.87163023701153,-14.554603422745668
0.0005002501250624958,-0.2866179214222161,-0.7783730949082992,-23.277017300519795,-6.251724651603462
0.0005002501250625513,-0.5326610312732343,-0.7481903624104904,-20.238662502501633,-7.400505444198578
0.0005002501250624958,-0.6277906464482098,-0.8607106492162099,-27.39884619258253,-7.622118513741274
0.0005002501250625513,-0.5745700528167642,-0.7729279552328895,-24.212773051204607,-0.8066386649853325
0.0005002501250625513,-0.6578080219389878,-0.5807161210968065,-29.59697277438607,-1.6977328165915906
0.0005002501250624958,-0.6591822001396032,-0.7905479089420723,-28.20943119138961,3.8578320324421003
0.0005002501250625513,-0.9220421317223739,-0.5566949262934888,-29.06922139149489,5.276320041874905
0.0005002501250625513,-0.8644877032090131,-0.685393667585416,-23.77799854427279,7.659125037962423
0.0005002501250624958,-0.9561467770193542,-0.3228639105335501,-22.594721570025854,7.483428451743131
0.0005002501250625513,-0.9023248639490318,-0.5477975152426425,-23.78706979236027,13.399245658421691
0.0005002501250625513,-0.831982425429524,-0.3321324044843397,-24.97441923422535,8.75882296731449
0.0005002501250624958,-0.8348525420053761,-0.29444239486971724,-23.964086564162137,14.165340488011998
0.0005002501250625513,-1.0565088977584887,-0.3008203574991241,-20.890319731190974,18.855230338350772
0.0005002501250624958,-0.9481612364229627,-0.30619090648008407,-17.444286222743106,13.777419351679168
0.0005002501250625513,-1.0645100842621094,-0.21841017634466003,-16.398605818425633,16.776665167888112
0.0005002501250625513,-1.1811000554206907,-0.34988507491444365,-13.07302882212334,20.813353064121937
0.0005002501250624958,-0.9739801837533424,-0.12430472684659166,-13.858092956658925,18.782651320838813
0.0005002501250625513,-1.0551837440531613,-0.03259017803077324,-7.993641936087851,18.134620307259734
0.0005002501250625513,-0.8957749153786031,0.3010358383262793,-2.8444737582040616,19.12097944324826
0.0005002501250624958,-1.1499226359437686,0.12117585175344267,-6.195662582253127,17.885769634162052
0.0005002501250625513,-0.9678044252109863,0.0579982760153033,-3.2699012519438115,18.812810605085787
0.0005002501250625513,-1.1069592608202936,0.32859297838559215,-0.03129281668518158,18.153368851159932
0.0005002501250624958,-0.9130982655128469,0.17287689850771137,3.172926130467017,15.346759924442296
0.0005002501250625513,-0.8181182315390874,0.42432986536988004,3.524763654501294,11.37856390210008
0.0005002501250625513,-0.8407214423154442,0.363129058347714,5.993228621014662,14.525183043777725
0.0005002501250624958,-0.9326200974264329,0.5366114341557059,8.23293124629591,7.353107320679243
0.0005002501250625513,-0.7728639412377782,0.6428280851262939,9.958165336422663,8.221702108825566
0.0005002501250624958,-0.7867250579627932,0.4933760192628882,11.2965329079941,6.413827208141878
0.0005002501250625513,-0.6655433502406468,0.6557787556269673,10.929468309616297,1.072751635698937
0.0005002501250625513,-0.7298056408458218,0.5945688691284018,16.006913310571388,4.971421156246003
0.0005002501250624958,-0.5674766965300042,0.7623036734402561,10.523284168111417,-1.820950849690522
0.0005002501250625513,-0.6773324269945474,0.9178998416854935,10.205529431536355,-4.598805843539217
0.0005002501250625513,-0.3889466793005655,0.6819727581500522,14.186523278454196,-6.766794436337399
0.0005002501250624958,-0.48036031360510567,0.8079757600118134,12.238761377796774,-4.004633686919766
0.0005002501250625513,-0.4052396963851035,0.8413404364784499,11.709112301341136,-10.408354400571596
0.0005002501250625513,-0.5222620696429432,0.8330695382920752,10.445849681116272,-10.676582208639571
0.0005002501250624958,-0.30894767284637276,0.8733330909600858,10.794691853347167,-15.916317426464365
0.0005002501250625513,-0.2114287833550153,0.9845355286760189,7.933680561329506,-13.80174301655492
0.0005002501250624958,-0.30166693758198204,0.9629102380396555,4.682144292271639,-15.91749539533272
0.0005002501250625513,0.017883515972155983,1.0261124794374568,9.965835192732868,-17.54156768555888
0.0005002501250625513,-0.1948665550231563,0.9891884326814953,1.4651063210597934,-21.559504240128554
0.0005002501250624958,-0.16932098825305938,0.9764085069556829,-1.1518927910467687,-19.674131261631867
0.0005002501250625513,0.19900872966529598,0.8549332369411246,0.7017986461967278,-20.406607854428376
0.0005002501250625513,0.02749415565680334,0.9013433629404197,-2.8764010493660455,-24.452848814346194
0.0005002501250624958,0.17206935544053356,1.0387597368563635,-2.775926477916502,-18.76434097627265
0.0005002501250625513,0.19569856040324685,0.8755557283956537,-4.893382726896828,-17.59263112487443
0.0005002501250625513,0.29624098206272514,1.0671523069971258,-5.220786510331746,-16.983864825818937
0.0005002501250624958,0.47405910646671867,0.889097734414881,-10.012000444191926,-17.615154311899502
0.0005002501250625513,0.3730876386190982,0.989997802669354,-11.458111325137258,-15.381238388841393
0.0005002501250624958,0.5433042366131472,0.7988833372437607,-9.559007019613682,-12.486396516387144
0.0005002501250625513,0.4732155383880088,0.7582865704795723,-10.516439968900677,-12.613294341510006
0.0005002501250625513,0.670118172198382,0.7190825854383844,-10.538886104329896,-8.194397829264918
0.0005002501250624958,0.7168531601882171,0.9296677018034778,-11.339999151959477,-8.856856014786002
0.0005002501250625513,0.7482995311601396,0.7444852120295453,-11.58856681293327,-3.572557580956781
0.0005002501250625513,0.7646490668248132,0.5688651952140951,-12.115079423601216,-0.979183238351857
0.0005002501250624958,0.6552283970180244,0.6224832424138365,-8.864876535987621,4.142907596704926
0.0005002501250625513,0.936011184096806,0.7155053523463304,-13.621922665327983,2.1944558560915364
0.0005002501250625513,0.6565458344590356,0.6155390520232688,-11.16074782957075,10.8832437188786
0.0005002501250624958,0.8771637474254558,0.6175578307396006,-9.512650788939188,7.406779574197566
0.0005002501250625513,0.960292790264285,0.41139299805352564,-7.687164220181828,9.81581803614633
0.0005002501250624958,0.9952734048132456,0.5495819880910219,-3.6678141420228902,15.386933682657986
0.0005002501250625513,1.0142486715212822,0.2671361492419133,-0.8549618335560265,16.898143081523404
0.0005002501250625513,1.1139060830256848,0.26837800538142953,-1.7452516872194954,16.33333864899611
0.0005002501250624958,1.1014867010896086,0.2337391076824472,0.6964030869093443,16.267289308963818
0.0005002501250625513,1.0813229452645343,0.1268424826866482,5.451611344983416,15.613438565345735
0.0005002501250625513,1.121516983359968,0.13392535264179248,7.981967219523703,16.653234779151028
0.0005002501250624958,0.9955127142223261,0.04568667097962364,6.8398609213285795,21.50100668909397
0.0005002501250625513,1.1744893162020689,-0.05359582317673246,12.683649391223147,21.54779401555909
0.0005002501250625513,0.9437275999711079,-0.04990403405329529,14.574493464778142,20.119948892678195
0.0005002501250624958,0.9445295045552706,-0.2595739976883934,11.123496905347087,20.30486838738173
0.0005002501250625513,0.8761377218744092,-0.22183889013425626,18.143623958636564,18.307217078017324
0.0005002501250625513,0.9698312645338544,-0.01995407145123329,21.450167874584206,19.63864170388442
0.0005002501250624958,1.0724292450452875,-0.31542396229747394,22.364961533652867,17.587743150995546
0.0005002501250625513,0.9267158877041541,-0.23537635199431406,22.852486287913393,12.624493575385507
0.0005002501250624958,0.8361222649249858,-0.3976004680789117,23.42106519022078,11.248445328225015
0.0005002501250625513,0.812256905418236,-0.31672803288024476,22.15848839338696,8.072515743266832
0.0005002501250625513,0.8878036637314177,-0.3861035571038113,28.010538641121496,7.061012088068721
0.0005002501250624958,0.6462023979342304,-0.6871463709405312,26.249957895106164,3.9201425244073707
0.0005002501250625513,0.959959437079218,-0.6087511449283058,28.67911065656615,3.9923197750011337
0.0005002501250625513,0.7109957707291045,-0.6396561927648088,27.02357653574529,-2.11969346964763
0.0005002501250624958,0.7850509580269536,-0.8628833853648351,28.576895891458317,-0.7534547870104884
0.0005002501250625513,0.5267984181091964,-0.7118379569146566,27.337732672228363,-6.149555000015
0.0005002501250625513,0.5060871661405959,-1.020058805221971,23.845649985177904,-7.437747610151246
0.0005002501250624958,0.40767986396230727,-0.9094536290832662,24.507467930534947,-6.2986724913197305
0.0005002501250625513,0.6168792230977833,-0.8687209200526211,20.446684646964197,-13.451181271770727
0.0005002501250624958,0.6351224664509695,-0.9927798135588376,19.604553018710632,-19.055801693533297
0.0005002501250625513,0.4521339897586693,-0.9227125884191535,16.084565211703012,-12.084159921530283
0.0005002501250625513,0.3983001077344769,-0.7813478818125159,15.032243217049079,-17.6338038885201
0.0005002501250624958,0.42125952851578763,-0.8990846885577914,11.814640650523625,-14.436174350273372
0.0005002501250625513,-0.003830661117032591,-1.1752607432921478,5.540690110524467,-20.267685167773948
0.0005002501250625513,0.022076739219909505,-0.9498658580095192,6.12340554084902,-18.070568723989826
0.0005002501250624958,-0.001810684614857859,-0.8383715704330534,3.9020005983960018,-17.889055267635253
0.0005002501250625513,-0.0027885248509712593,-0.9300649864703343,3.273376375635279,-21.049559108631875
0.0005002501250625513,-0.12585607823451733,-1.1812211254434883,-7.749011444616202,-12.949209700773512
0.0005002501250624958,-0.08382060144488228,-0.9490988169219798,-8.936752878981878,-16.058417849583666
0.0005002501250625513,-0.20931103655350292,-0.8847078178691836,-12.075916803765002,-18.652150590380284
0.0005002501250624958,-0.32570815065828923,-1.033865208246239,-15.431591052312033,-15.365936154242487
0.0005002501250625513,-0.3896482097091605,-1.0108641657556698,-20.033200870113124,-13.040586659869291
0.0005002501250625513,-0.45928415843827763,-1.0800974258504947,-20.596209176726028,-8.321835525707659
0.0005002501250624958,-0.43376530462773644,-0.9111897037325706,-20.257009974414434,-11.445388672621238
0.0005002501250625513,-0.46638336469799574,-0.8674714371766,-23.03196336993302,-9.669653559671978
0.0005002501250625513,-0.6976445322339055,-0.9904444289380326,-22.84918847724631,-9.067327928634784
0.0005002501250624958,-0.5725336582490561,-0.9271258416143509,-22.601887343556047,-6.670896627388258
0.0005002501250625513,-0.5822441860405959,-0.8263900555853427,-26.058678127402754,-2.6023663143451494
0.0005002501250625513,-0.7401668854904262,-0.7642004738148271,-25.80578169349549,5.8482801369464985
0.0005002501250624958,-0.8156892907028662,-0.7168101407241432,-29.27953399990112,5.099709256887081
0.0005002501250625513,-0.5860773452711391,-0.6870962554890145,-27.66917117194291,2.8564371720834396
0.0005002501250625513,-0.6283190895929799,-0.4183883823322003,-26.37338330682676,7.897346620074977
0.0005002501250624958,-1.0774595078301026,-0.37873378973979127,-26.918836142386922,9.077458741437416
0.0005002501250625513,-0.8072577539670156,-0.274073251589785,-23.593659515061397,12.94607595657951
0.0005002501250624958,-0.7318605819470367,-0.6615865011363157,-24.343804498945282,13.676022539759382
0.0005002501250625513,-0.89071688695325,-0.2873555719196506,-22.94391743753779,15.759253420770282
0.0005002501250625513,-0.9401565423696431,-0.4076637793278711,-20.202940290435684,20.69594698834402
0.0005002501250624958,-0.8488763218451795,-0.22553168141526256,-18.175548890577318,18.613571425191804
0.0005002501250625513,-1.1232928216917495,-0.2596583542274543,-15.812427095389758,17.2712389056228
0.0005002501250625513,-1.0697180820239756,0.03278583066492376,-15.987196934465974,22.034107638810198
0.0005002501250624958,-1.0970545769612456,0.005293872337716263,-14.237803867775806,18.61832488362274
0.0005002501250625513,-0.968742322379409,0.2658738237858379,-10.418858963563629,20.376255399053914
0.0005002501250625513,-0.9122019029119586,0.04825649688537567,-2.9462583319266034,20.59885651258716
0.0005002501250624958,-1.009446934569172,0.10564097216837984,-0.7855716457841782,17.82629083748921
0.0005002501250625513,-1.0426056246297633,0.19938315924344802,3.62369840291706,14.539823821253353
0.0005002501250624958,-1.0589830856426328,0.3485205597165424,-0.098475307156219,15.772872596790494
0.0005002501250625513,-1.0391508222720456,0.28477039138928467,2.512925382844897,13.364838100402919
0.0005002501250625513,-0.8403808033428443,0.5429228870372668,7.739694137109628,15.850858395519793
0.0005002501250624958,-0.9276727200518541,0.3223911096604478,5.101901225389674,9.737813733612047
0.0005002501250625513,-0.9125613360868062,0.48953170812486957,5.364700305241323,7.15195416765901
0.0005002501250625513,-0.8290800900572348,0.5761209208184699,10.712836815033107,3.526193629084351
0.0005002501250624958,-0.877019630790065,0.6526305858620768,10.48856775043378,5.601123915489571
0.0005002501250625513,-0.727278961346371,0.7144685465293954,8.682992715225591,4.105349364995121
0.0005002501250625513,-0.7800297671424302,0.8269193734606637,13.118908547512941,-0.5193237738237324
0.0005002501250624958,-0.7406924426584934,0.9002699599791644,13.04269595059852,-2.354957121245691
0.0005002501250625513,-0.6542528997676378,0.736423071883579,12.275154304308462,-7.82711251626772
0.0005002501250624958,-0.5172669291018105,0.8020397440698298,12.614351034591607,-4.5962929122746035
0.0005002501250625513,-0.5748819278456925,0.7494314062959998,10.870632563515173,-8.458605220140791
0.0005002501250625513,-0.5397140242579379,0.8897783633068551,8.459101994618353,-9.504634650848939
0.0005002501250624958,-0.36153048143912603,1.0313872209322847,9.599842349519479,-14.461037141529987
0.0005002501250625513,-0.362510244392039,0.8441137864644161,11.857676393495149,-12.563484451903653
0.0005002501250625513,-0.2668999581469533,1.1304964819907177,5.726340304806875,-17.508663392031004
0.0005002501250624958,-0.2481779726271265,1.0306942029680735,4.449259430433698,-15.049765730200846
0.0005002501250625513,-0.33274763647558503,0.9746655093586118,3.810174234621094,-17.880097816743962
0.0005002501250625513,-0.224734699908825,0.9642990394649873,-1.4710656045770798,-21.78428959819742
0.0005002501250624958,-0.0941973288006615,1.0157287574319516,0.7478841276554286,-21.33649867991816
0.0005002501250625513,-0.11881176708558197,0.9853188068954409,-5.261869574533686,-21.375857773052953
0.0005002501250625513,-0.05648963369631389,1.0253689942824902,-4.325134927078635,-19.92680403281448
0.0005002501250624958,0.4153339827795114,1.3015698615656048,-0.7110193170608463,-15.353844985134774
0.0005002501250625513,0.2803680055909989,1.0077128297576146,-4.6103009076336905,-13.453635700577824
0.0005002501250624958,0.1965550294938737,1.0569126822088228,-8.359646581698842,-19.919100515646832
0.0005002501250625513,0.16336997553287239,0.9283162449181347,-7.808640639554454,-19.224936062020838
0.0005002501250625513,0.41899318941004693,0.8623781447610912,-10.879948790521023,-16.290694460145684
0.0005002501250624958,0.34573364661747596,0.8088260670757602,-11.631587333156029,-9.956425932934605
0.0005002501250625513,0.5085257866436983,0.6683440691808467,-10.295040690030326,-10.04825248432253
0.0005002501250625513,0.563731836809992,0.6905484465349946,-12.624330466426741,-6.8373447436371215
0.0005002501250624958,0.8346505462699001,0.69695633138053,-9.608179271678573,-7.014990749996893
0.0005002501250625513,0.6277179569175992,0.7612817082764213,-11.222482791271144,-2.5779218287150796
0.0005002501250625513,0.845755238991115,0.8391103000079417,-10.577874793931034,-0.4629129765621567
0.0005002501250624958,0.6951199891830023,0.7934333698591538,-11.546070083566958,1.9338672638674173
0.0005002501250625513,0.9919101656141391,0.6207944507064863,-10.950080568582948,2.964017940612135
0.0005002501250624958,0.8666985709586832,0.5536051506385136,-6.719277177564028,5.849981506976912
0.0005002501250625513,0.8098286007636539,0.26184156299551037,-8.851795383396139,8.14996407170155
0.0005002501250625513,0.7228440058673118,0.540536199984707,-7.482765077556641,10.210489928008515
0.0005002501250624958,0.9300741907831734,0.40494031203248004,-8.258692086309939,14.926334032922405
0.0005002501250625513,1.0330692968952053,0.22746530298193712,-2.243136294166629,15.92169258587788
0.0005002501250625513,0.9302676964417982,0.22066232973957053,0.07871402630865099,19.72267690249758
0.0005002501250624958,1.016158328975635,0.30883082492716557,3.7703777363689728,17.199067124710524
0.0005002501250625513,1.1258680938033552,0.2984552136728849,7.0175468368921,19.78317058697065
0.0005002501250625513,1.0284778012473728,0.08678952418021843,3.68612077223966,19.689562070985755
0.0005002501250624958,0.6735588864422116,0.09113276923976253,4.509545124155931,19.593620902119753
0.0005002501250625513,1.2104385946972949,-0.12492687280352334,13.526149429819839,19.215677113632832
0.0005002501250624958,0.8360188654848756,0.0918710329136007,12.840218683854282,17.34715562738032
0.0005002501250625513,1.0983697736400133,-0.2758345535144888,16.657548717681053,20.196776097972013
0.0005002501250625513,1.0528000963575666,-0.36103477783422877,17.67509464222371,19.60220439572237
0.0005002501250624958,0.8699962979508765,-0.3387258632622485,19.195890995056136,17.00298617621537
0.0005002501250625513,0.8134352437664615,-0.3305976419603024,21.126611068588147,15.627418474850431
0.0005002501250625513,0.9910042967848435,-0.5753129686268217,24.330389344291895,16.033621860008235
0.0005002501250624958,1.0770567223619114,-0.25283741856276204,28.777625883051627,14.244337206454258
0.0005002501250625513,0.851692222063947,-0.5046353911807939,26.060717472682978,8.055901868125591
0.0005002501250625513,0.7530782842228544,-0.5338629904752963,23.48488418752864,7.6232979899179325
0.0005002501250624958,0.8277694805294826,-0.6421733918889254,26.074573522954015,3.214014950534306
0.0005002501250625513,0.7622645358300365,-0.7103583259730663,28.724037592062576,3.4262856653083884
0.0005002501250625513,0.855264186411336,-0.820979852831881,26.512276382750436,-2.2383240752985873
0.0005002501250624958,0.7013838879429345,-0.8580684414164834,25.004110269611132,-3.462707308560523
0.0005002501250625513,0.6690329425072795,-0.6668507296198691,23.87789648781047,-4.061694675746636
0.0005002501250624958,0.452938548887064,-0.8635997853470384,24.688334067380907,-8.190135085975252
0.0005002501250625513,0.46684874097878626,-0.6908550504398066,21.815548227314057,-11.875841714608704
0.0005002501250625513,0.5523707339385929,-0.7063207663480163,22.197457305187292,-11.01865869774338
0.0005002501250624958,0.17601115376616505,-1.0400642652915362,16.633112926098608,-13.554703033811405
0.0005002501250625513,0.35214193844838376,-0.7904881660459313,17.99455351526995,-15.801973411605063
0.0005002501250625513,0.2854164967699912,-1.0803752196504426,14.571213268368028,-16.22173563501776
0.0005002501250624958,-0.004396991702421693,-0.9309805964299872,10.73283173844864,-16.56443369076717
0.0005002501250625513,0.08101887998568848,-0.9116691370900385,4.589026264729235,-18.265028968506552
0.0005002501250625513,0.046847642596204844,-0.9501657797700405,3.4940983548775306,-17.9330290582095
0.0005002501250624958,0.07474022495156807,-0.8294118356732016,4.33424053890595,-22.303261616564335
0.0005002501250625513,-0.08916376967080511,-0.8388002516451933,-2.3960662260659946,-24.01254092099499
0.0005002501250624958,-0.09881780813899559,-1.071212795716587,-5.22939133182794,-19.139014522557627
0.0005002501250625513,-0.10606695733968488,-0.8962919156444905,-7.723093623408427,-15.635330875919728
0.0005002501250625513,-0.10053513256634548,-1.221321712954783,-12.026357627756436,-14.989471707127274
0.0005002501250624958,-0.3124702333675003,-0.8999499809152446,-14.26765066534158,-19.08733921713183
0.0005002501250625513,-0.4750150866441839,-0.9259495821759378,-15.96876960944094,-13.797369987990084
0.0005002501250625513,-0.36065601299222316,-1.0537602768747372,-18.135751016931295,-16.714763285878398
0.0005002501250624958,-0.5549222464131442,-0.8267470280055386,-23.26385015676665,-14.248364300395663
0.0005002501250625513,-0.3738150884806022,-0.8416971272275875,-19.940685807481884,-11.765054882524288
0.0005002501250625513,-0.5085532048604479,-0.7273974622307096,-26.401415581101073,-6.1948537652720965
0.0005002501250624958,-0.854899496934033,-0.8130814797513267,-27.99409299793299,-2.27356022451722
0.0005002501250625513,-0.5006668950764486,-0.522475534883267,-25.7328117437622,-0.1391651452864049
0.0005002501250624958,-0.6734119420591328,-0.7549805286275287,-25.027055752309252,1.5603653694560582
0.0005002501250625513,-0.6627102315901758,-0.6361500141385719,-25.59056422735751,3.239937379465495
0.0005002501250625513,-0.8111887954071089,-0.7050015220904404,-26.892462885212712,5.747988646709312
0.0005002501250624958,-0.7670518693309432,-0.5737917859739864,-27.82558305012112,6.59796577730903
0.0005002501250625513,-0.6948811109520612,-0.3746621545825713,-24.98884927978643,8.047109257429579
0.0005002501250625513,-0.8622658384080919,-0.41063149916221564,-23.085605817319966,7.648358015415325
0.0005002501250624958,-1.0165183446063062,-0.4291325696788931,-23.907576708736357,12.93300036217105
0.0005002501250625513,-1.1901590663888428,-0.15567665780034873,-23.804337258442132,14.762971564586904
0.0005002501250625513,-0.9959354857045343,-0.4492300602864253,-21.466104360378452,17.092357116406177
0.0005002501250624958,-0.8737071810982724,-0.15446582075480642,-15.625703497399641,17.527976185039957
0.0005002501250625513,-0.7745631979390301,-0.06116041818344202,-13.962670666563778,17.375617368821317
0.0005002501250624958,-1.2538947416609016,0.059330523356842704,-14.922995048496295,19.15045162506297
0.0005002501250625513,-0.8353703129570391,-0.001128071914064499,-12.093144097406272,17.486266035506368
0.0005002501250625513,-1.1048734672607115,-0.23308091438370102,-10.565849106216653,20.360938931500453
0.0005002501250624958,-0.753710803363419,0.22130901555473634,-5.708556673670076,20.562633836169148
0.0005002501250625513,-0.8645422864656436,0.15912640161628877,-2.9241363095287785,20.27884492952714
0.0005002501250625513,-0.7624492916430348,0.27669010414612544,-1.1617892241398888,18.363236327996695
0.0005002501250624958,-1.0349946896777424,0.2965630712101806,3.764539034917476,15.822307684727027
0.0005002501250625513,-0.8316462623065697,0.33602329657408636,4.616204686957355,10.918263092201352
0.0005002501250625513,-0.9278248337888266,0.5223708481165799,7.0645484790502096,14.62430172514506
0.0005002501250624958,-0.8222397674383893,0.4946348074776944,4.234994545735857,13.622602767818057
0.0005002501250625513,-0.8886675496853373,0.49401185609199005,7.733821058757007,9.55388426038968
0.0005002501250625513,-0.8370145201490634,0.5923572910673154,10.214222978506886,6.192979564093789
0.0005002501250624958,-0.8898538883263633,0.5553354072255312,8.191830016126639,3.414307753079602
0.0005002501250625513,-0.930202371317854,0.7622363225921859,9.86157125244166,2.532028516229506
0.0005002501250624958,-0.642921028492269,0.6052517089919836,12.9368819083987,0.6688067898148984
0.0005002501250625513,-0.5689683923001086,0.9938885689355543,13.158276828906116,-2.2597854021294523
0.0005002501250625513,-0.5479621518746207,0.8599331565060139,11.668556383244526,-1.6514882009513818
0.0005002501250624958,-0.44611131445046626,1.033431390128765,14.015670967589678,-5.196924774722069
0.0005002501250625513,-0.3800551716893178,0.7426075873021973,15.509455595185408,-10.616904320164908
0.0005002501250625513,-0.4440958594995068,0.9208635263698906,14.682682470833164,-12.384561473782552
0.0005002501250624958,-0.47049947667784714,0.7935700977486227,9.174811403172203,-12.939603348823796
0.0005002501250625513,-0.3975085609454251,0.8705150716653757,9.778859987822319,-16.879266994761295
0.0005002501250625513,-0.3870787214694667,0.8891081306618412,5.872907871200626,-14.887948731116762
0.0005002501250624958,-0.3319390515030355,0.9335379650909066,3.609416277898331,-17.949208244765373
0.0005002501250625513,-0.14361554710451505,1.1235510749015905,5.433468094173619,-19.809897789173785
0.0005002501250624958,-0.015437869770605572,0.9191788786547076,5.031582380401474,-20.306088401859224
0.0005002501250625513,-0.20931581288769469,1.1164013373385404,-1.305334143906369,-21.218540844589175
0.0005002501250625513,0.1347803195325617,1.0834446120021186,-0.0452190626377163,-24.769621798188798
0.0005002501250624958,0.03258434731124307,0.9670712933300221,-0.18640736983692907,-19.242414780380592
0.0005002501250625513,0.1653892410573268,1.1644359730803906,-2.639683882180223,-21.087720001207863
0.0005002501250625513,0.2717994385861684,1.0000805366908814,-6.112818340406757,-13.488101462478433
0.0005002501250624958,0.3911548019437832,0.853363483247625,-7.467003502044238,-15.148479005172447
0.0005002501250625513,0.4225537290781005,0.8192824266722081,-10.91464932440847,-17.403245622567308
0.0005002501250625513,0.4004783536065194,1.062851033397363,-8.884411517511698,-17.065744291273063
0.0005002501250624958,0.543675220954739,0.8101762551644199,-13.212354719977625,-11.491881094672582
0.0005002501250625513,0.6117757518924747,0.8387739693241728,-11.65213523404331,-8.710480970322472
0.0005002501250624958,0.6605966171339553,0.9001333450380358,-14.485468228811433,-10.917623003160806
0.0005002501250625513,0.6176529757384093,0.6477684402975994,-16.46820805912346,-8.294605175530087
0.0005002501250625513,0.7582686614516464,0.7982428384724418,-11.475332215248832,-1.2468078167040144
0.0005002501250624958,0.7244916287317339,0.7803108459890828,-10.105726525040845,0.8305689238468292
0.0005002501250625513,0.7855141774449714,0.6229114960062158,-13.551698052649636,2.945647908104459
0.0005002501250625513,0.6519890158511651,0.49174730414349677,-12.818030480824296,7.56502832175855
0.0005002501250624958,0.9691493129557484,0.47802908754296336,-12.302790235079549,6.546857291733616
0.0005002501250625513,0.8275390747885413,0.4400768997646314,-8.271969501086827,10.073828039195673
0.0005002501250625513,0.8674679382372515,0.6137938976624744,-8.13902237056244,16.372780900160418
0.0005002501250624958,0.8012622434630688,0.4735823067716085,-3.7611337382950105,17.83154467889296
0.0005002501250625513,0.9537042663604394,0.283881220939136,-4.339945725550006,16.48991933015141
0.0005002501250625513,0.797520290599823,0.24438114378692294,-2.302712824615785,14.725786880789036
0.0005002501250624958,0.9431996911983049,0.3462680415661182,1.8954520041623495,14.629053148583312
0.0005002501250625513,1.0171124631550683,0.20935805229557944,3.278441200308736,20.279286610920906
0.0005002501250624958,0.8931848802047812,0.16016349516854977,5.819829559323397,17.030963699249515
0.0005002501250625513,1.1122100966538628,-0.14758050125127348,10.389544415469112,22.22814548142904
0.0005002501250625513,0.9206095497908663,0.0014186058093320665,13.057724264565227,21.586450784265637
0.0005002501250624958,1.1841970925443464,-0.13563003767780107,17.32501143760852,21.244342465127787
0.0005002501250625513,0.9494123197829584,-0.15665748945337898,14.92959946269235,22.0977422890682
0.0005002501250625513,1.1357993453516888,0.08073371812173472,18.138945838924524,16.364356392033326
0.0005002501250624958,0.9457580581522531,-0.3195844083980798,20.989752626301797,21.69540186307938
0.0005002501250625513,0.8509027471049884,-0.5666096904757416,20.40231927803152,17.35876532759919
0.0005002501250625513,0.8219736366526549,-0.2982695783509023,24.1498584987495,11.76567406976162
0.0005002501250624958,0.8511365374015635,-0.4857627146104853,25.41528501970807,14.989587588731727
0.0005002501250625513,0.8206313933218502,-0.38387879285208093,28.167740673046993,8.735736923359884
0.0005002501250624958,0.9625956043778022,-0.5030926022680655,25.173324591218655,7.72739117892655
0.0005002501250625513,0.7220670826758169,-0.7957935448706889,27.58114988171075,2.556567547943851
0.0005002501250625513,0.8219133439917703,-0.600405507591319,27.816729963853977,2.4921784992950067
0.0005002501250624958,0.6830814362461586,-0.6724421161847166,30.56668982409855,0.04422247470165689
0.0005002501250625513,0.6817038237274329,-0.7547634675338761,29.55428170582892,-1.4975477753084987
0.0005002501250625513,0.4844451330897841,-0.7862328201089583,24.36986300678377,-6.677360777203011
0.0005002501250624958,0.6129917088264357,-0.7091890732435084,25.11954544026938,-6.40100592285548
0.0005002501250625513,0.5549514498437629,-1.0502832617905788,24.37603088184974,-13.720602125900763
0.0005002501250625513,0.34056190326820057,-0.7744400891291646,18.49995690847162,-12.190513448307668
0.0005002501250624958,0.48225365651015556,-0.9533771171343568,13.03302368040898,-11.919888684725953
0.0005002501250625513,0.369074010517532,-1.1175720021938444,15.112636459287534,-16.519194834726783
0.0005002501250624958,0.36282244009058773,-1.0405200035276632,12.170087889985254,-18.62067645772543
0.0005002501250625513,0.23990986699200062,-1.1450089850679663,9.719763517865008,-14.328204553986737
0.0005002501250625513,0.3510980100001309,-1.1041693380329518,11.793422685790224,-16.890246012847907
0.0005002501250624958,0.18268611806035556,-1.1685244548023683,3.4583146515618606,-17.192343741132557
0.0005002501250625513,-0.052642716912653695,-0.8799450842567339,2.2537196563904436,-21.856095992342002
